"gross","budget","numGenres","imdbScore","numCriticReviews","numMovieFacebookLikes","castMovieLikes","numFacesInPoster","directorFacebookLikes","contentRating","duration","titleYear"
1,35,1,10,1,8,3,2,1,1,7,8
1,4,1,8,1,3,3,5,1,2,6,6
2,5,2,6,1,3,15,4,9,2,7,7
4,39,3,5,1,3,3,1,9,3,7,3
3,1,1,3,1,2,2,1,3,1,3,7
4,3,3,7,1,2,2,1,1,3,6,7
3,2,1,5,1,3,2,1,3,3,6,7
1,8,2,9,1,3,2,1,3,1,7,8
4,21,2,8,1,2,3,3,1,2,6,7
4,3,3,8,1,2,2,1,1,3,6,7
6,3,3,7,1,3,3,1,4,4,5,2
3,11,3,9,1,2,3,1,10,3,5,7
2,32,2,8,1,3,3,3,3,1,6,5
5,51,3,3,1,3,3,1,3,3,6,5
2,4,1,5,1,1,3,5,18,5,6,7
5,24,2,9,1,2,3,2,1,3,7,7
3,1,3,10,1,2,2,4,1,2,5,7
4,7,1,2,1,2,2,2,1,2,7,7
1,1,2,8,2,2,1,2,1,5,1,2
4,2,2,7,2,3,2,5,3,1,6,4
3,8,2,2,2,3,3,1,4,2,6,7
2,11,3,7,2,3,4,2,4,1,6,7
6,31,3,6,2,3,3,3,19,1,6,5
4,1,3,8,2,3,2,3,1,6,6,7
2,3,2,6,2,2,3,4,3,1,6,7
1,6,2,6,2,2,3,4,19,1,6,7
4,10,3,7,2,1,3,1,4,3,6,4
5,17,2,5,2,1,3,1,4,1,6,7
3,51,5,8,2,3,3,2,6,1,6,5
1,1,1,4,2,3,3,4,1,1,6,7
4,6,2,7,2,1,3,3,4,2,7,7
3,6,1,9,2,4,4,6,6,1,6,8
6,39,2,8,2,1,2,2,13,3,6,4
4,49,3,6,2,3,1,1,4,4,6,4
5,68,1,9,2,3,4,4,19,2,7,4
1,1,2,10,2,3,1,1,3,2,6,7
3,3,3,5,2,2,3,4,4,1,6,7
4,4,2,9,2,2,2,2,3,1,7,4
5,8,1,7,2,7,6,6,3,2,7,8
5,25,1,5,2,2,3,3,3,2,6,7
6,25,5,6,2,3,3,3,1,1,6,6
5,47,2,6,2,1,3,2,3,3,6,4
8,68,2,6,2,1,4,3,3,1,7,3
4,5,3,9,2,3,3,1,3,2,7,7
2,6,2,7,2,2,2,1,1,1,6,7
1,15,2,6,2,3,9,2,3,1,6,6
4,17,3,3,2,1,3,1,1,2,6,7
5,17,1,3,2,1,6,1,4,2,7,8
5,17,2,3,2,3,4,6,4,1,6,8
6,17,4,5,2,3,3,1,1,1,6,4
3,31,1,1,2,3,5,2,4,2,6,6
6,39,2,7,2,1,3,1,18,1,6,4
5,68,2,11,2,6,3,3,13,1,13,4
6,70,2,7,2,3,3,2,19,2,8,5
1,1,2,8,2,2,2,1,3,1,6,7
3,5,2,2,2,2,3,2,1,1,6,7
5,51,1,6,2,3,3,1,3,3,6,3
5,68,4,6,2,3,3,4,19,2,7,4
1,1,2,8,2,3,3,2,1,5,6,7
3,6,1,8,2,3,4,3,3,3,6,7
2,6,2,3,2,2,3,7,3,2,6,7
3,9,1,10,2,3,3,1,3,5,7,7
6,21,4,7,2,3,4,1,16,3,6,4
6,31,2,7,2,3,3,2,3,1,7,4
4,33,3,5,2,3,8,2,3,2,6,4
3,1,1,9,2,2,2,1,1,6,5,7
3,4,3,6,2,2,3,2,3,2,6,7
3,6,1,10,2,3,2,3,3,1,8,7
4,15,2,4,2,3,3,1,12,1,5,4
5,25,1,8,2,1,5,4,13,2,3,5
4,33,3,7,2,3,3,3,18,1,7,5
5,51,3,5,2,3,8,1,13,2,6,4
5,64,3,5,2,3,4,4,18,3,6,6
2,1,2,6,2,2,3,1,4,1,6,6
4,2,2,6,2,1,3,2,3,1,4,7
1,4,3,6,2,3,3,2,3,3,6,7
4,5,1,9,2,3,2,1,3,1,6,6
1,7,2,8,2,3,3,1,3,1,6,7
5,7,2,3,2,2,3,1,3,1,5,7
5,11,3,5,2,3,3,2,4,3,6,4
3,19,3,6,2,1,3,3,3,3,6,7
5,31,2,10,2,4,4,1,4,1,6,6
1,52,3,6,2,3,3,2,3,2,6,7
7,70,3,7,2,3,3,4,19,3,7,4
1,3,2,7,2,3,10,3,3,1,7,7
3,3,3,8,2,2,3,4,16,1,5,6
4,19,4,2,2,3,3,3,1,2,6,4
4,19,2,8,2,1,2,2,4,2,6,4
2,20,2,2,2,3,9,1,3,3,4,5
1,4,1,8,2,2,3,1,3,1,6,6
1,4,1,6,2,3,3,7,4,1,6,7
3,8,1,7,2,3,3,1,10,2,7,7
2,9,3,6,2,3,3,2,1,2,6,7
6,19,3,9,2,3,3,1,4,1,6,7
7,21,3,9,2,1,3,2,3,2,6,4
5,53,5,3,2,3,4,1,6,2,6,7
5,57,2,2,2,3,9,3,3,3,6,6
5,66,5,9,2,3,7,1,3,4,3,6
3,1,5,9,2,3,2,1,5,1,3,6
4,11,1,5,2,3,3,2,4,1,5,4
4,13,2,7,2,1,3,1,3,3,6,7
5,13,1,2,2,3,3,3,1,1,6,6
4,17,2,9,2,3,3,1,18,1,6,4
6,26,3,7,2,1,8,3,1,2,5,4
6,70,2,5,2,1,4,2,10,3,6,5
5,5,1,9,2,1,3,2,3,2,7,7
3,10,2,7,2,3,3,3,3,1,5,7
2,11,2,8,2,3,3,2,20,1,6,7
6,13,2,9,2,6,4,2,19,1,6,5
1,31,2,2,2,3,4,2,3,2,6,7
5,51,2,7,2,3,9,1,18,2,6,4
5,58,3,7,2,3,5,4,13,2,6,6
3,1,2,10,3,1,9,6,3,1,6,7
5,1,1,9,3,3,3,2,19,1,4,4
1,11,1,7,3,3,3,3,3,1,6,7
5,14,5,9,3,3,3,1,4,7,6,1
13,33,3,7,3,5,9,5,25,3,6,4
4,37,3,7,3,2,3,4,13,1,6,6
4,41,3,5,3,3,3,1,8,1,6,4
3,51,3,7,3,3,9,1,4,3,6,7
5,62,3,6,3,3,5,4,4,3,6,6
8,70,3,6,3,1,4,2,8,1,7,4
2,1,1,10,3,3,1,1,3,5,5,7
1,6,2,6,3,2,3,3,22,1,7,7
5,11,2,5,3,3,3,1,3,1,6,4
6,16,2,6,3,3,3,8,1,1,6,6
5,19,1,2,3,3,3,2,8,1,4,7
5,21,3,6,3,3,3,5,1,1,7,4
2,25,2,7,3,4,3,3,1,1,6,7
7,31,4,8,3,1,3,7,8,3,6,4
5,58,5,7,3,3,3,3,20,4,10,2
5,58,3,10,3,1,3,1,4,3,13,4
5,74,5,7,3,1,3,2,4,3,6,5
4,1,3,8,3,3,2,1,3,1,6,5
4,11,2,8,3,2,2,2,18,1,6,7
3,25,4,9,3,1,3,3,4,2,6,6
1,31,2,6,3,3,8,3,3,2,6,7
4,31,3,6,3,1,5,1,7,2,7,7
5,31,3,8,3,3,9,2,1,1,8,4
5,37,2,2,3,3,3,1,3,1,5,6
5,41,2,3,3,2,5,7,2,2,6,7
6,59,2,5,3,3,2,2,1,3,6,6
6,69,1,6,3,3,3,3,4,3,6,6
1,1,2,11,3,3,3,2,1,5,6,1
6,11,3,6,3,2,2,2,3,1,7,7
5,35,3,8,3,3,3,2,11,1,6,6
7,36,3,9,3,6,3,1,19,4,2,4
5,48,1,6,3,1,3,1,3,2,7,8
7,58,2,3,3,1,3,1,1,2,6,7
5,68,3,3,3,1,3,1,4,3,6,6
4,72,2,4,3,2,3,3,13,1,6,6
4,1,1,8,3,1,13,7,1,2,6,7
3,3,2,7,3,3,9,2,8,1,6,7
4,4,1,8,3,3,3,3,4,1,5,6
5,18,2,1,3,3,3,6,3,2,6,7
5,19,3,7,3,3,3,1,4,1,6,5
1,22,2,8,3,3,2,7,1,1,6,7
4,23,2,7,3,3,3,1,1,3,6,7
5,23,2,1,3,3,3,1,8,2,6,7
8,31,2,7,3,3,3,2,3,1,6,3
6,37,3,7,3,3,3,2,3,3,6,6
5,39,2,9,3,3,3,1,1,2,7,5
6,41,5,6,3,3,3,1,3,1,6,4
5,47,3,4,3,3,3,1,4,3,6,3
7,70,3,7,3,3,2,3,19,2,6,4
6,72,3,7,3,1,3,2,1,3,6,5
5,1,2,8,3,3,3,1,1,1,6,4
2,3,2,12,3,1,2,2,3,5,6,7
6,9,2,8,3,1,3,1,3,1,3,7
2,19,1,3,3,3,8,1,1,1,5,7
2,25,3,8,3,3,3,6,6,1,6,7
4,29,1,7,3,1,3,4,3,3,6,7
4,51,3,3,3,4,3,1,4,3,7,3
6,51,2,6,3,3,4,1,3,1,5,7
11,74,3,7,3,1,3,1,6,3,6,5
5,15,1,3,3,3,3,3,8,1,6,7
2,17,2,9,3,3,5,1,3,3,6,7
2,18,5,4,3,3,6,4,6,1,6,7
2,21,2,8,3,3,8,6,1,1,5,7
2,23,3,7,3,3,10,3,1,1,7,7
5,23,3,8,3,3,7,3,3,3,7,7
4,31,3,6,3,3,3,5,3,1,6,4
7,41,3,9,3,1,10,5,4,3,7,5
12,41,2,7,3,1,3,2,19,3,6,4
5,45,4,7,3,1,2,2,4,1,6,4
6,47,2,5,3,3,3,3,3,2,4,6
4,51,3,9,3,1,3,5,3,3,7,8
5,51,3,8,3,4,3,6,13,4,12,1
6,52,2,8,3,3,4,4,11,2,6,6
7,71,3,8,3,1,8,1,1,2,7,6
1,3,1,8,3,3,3,3,1,2,6,7
3,5,2,9,3,3,3,1,3,1,6,6
5,8,2,9,3,3,6,8,1,1,7,6
2,9,1,9,3,1,2,1,1,1,4,7
6,13,3,10,3,1,3,3,13,1,6,4
6,17,3,4,3,3,3,2,1,4,3,7
5,23,3,7,3,3,4,2,6,1,6,7
4,41,3,7,3,3,4,1,1,2,7,7
4,43,2,8,3,3,3,3,4,1,8,6
4,51,4,8,3,3,3,1,3,4,6,7
4,51,2,1,3,3,3,3,13,1,4,7
4,58,3,9,3,3,4,1,13,2,7,6
5,58,1,6,3,3,3,1,4,1,6,4
7,71,2,6,3,3,10,2,3,1,7,6
3,1,1,10,3,1,2,1,1,6,6,7
1,3,2,3,3,3,3,6,4,5,5,7
4,3,1,9,3,3,3,2,1,6,6,7
1,5,4,7,3,3,4,1,10,1,4,7
3,5,3,7,3,3,3,3,2,2,3,7
5,11,2,1,3,3,3,2,3,3,6,4
1,16,2,6,3,1,3,2,18,1,6,7
5,17,5,7,3,3,2,1,11,3,4,7
5,17,5,7,3,1,3,1,3,3,6,3
6,17,1,2,3,1,3,8,3,3,7,8
6,29,5,9,3,1,4,5,19,1,7,6
1,31,1,2,3,2,3,1,8,1,5,6
5,31,2,6,3,3,4,1,4,2,4,7
6,51,3,6,3,1,3,2,3,1,7,6
7,58,4,7,3,3,3,3,19,1,6,6
8,58,5,7,3,1,3,2,4,2,6,4
6,9,1,5,3,1,3,1,8,3,5,7
5,11,2,5,3,3,3,1,5,1,6,6
3,13,2,8,3,3,4,4,1,1,6,7
5,35,2,4,3,3,4,4,1,1,6,6
5,55,5,7,3,1,4,3,4,1,6,4
8,64,2,8,3,3,3,2,1,1,8,4
5,1,2,8,3,1,3,1,20,3,7,7
2,4,1,8,3,3,2,1,13,1,6,7
2,6,1,8,3,3,4,2,3,3,6,7
2,7,1,7,3,2,3,4,16,1,6,6
4,11,4,5,3,1,3,1,1,2,4,7
3,15,1,6,3,3,4,1,10,1,6,7
5,19,1,9,3,3,4,3,13,1,6,6
5,23,4,7,3,1,3,1,6,1,6,4
7,44,4,9,3,1,5,2,3,2,6,4
5,51,5,1,3,3,3,1,3,4,3,7
7,51,3,7,3,3,3,2,13,1,6,6
8,51,3,4,3,1,3,6,1,2,7,7
5,58,5,3,3,3,3,4,4,2,6,7
5,69,2,8,3,3,4,1,1,2,8,6
3,69,5,5,3,3,3,3,6,2,6,7
3,1,3,5,3,2,3,1,1,1,5,6
3,6,2,7,3,1,3,1,19,1,4,7
2,25,3,6,3,3,7,5,19,2,6,7
6,25,3,9,3,3,3,1,6,6,10,1
6,27,3,9,3,4,3,1,4,1,7,2
6,29,2,8,3,1,5,6,11,1,7,7
5,42,4,3,3,3,3,4,3,2,6,7
5,57,5,5,3,1,3,1,1,4,7,2
6,68,3,8,3,3,3,3,1,1,9,4
4,4,4,9,3,4,2,1,4,2,6,7
2,5,2,7,3,3,3,1,4,1,6,6
5,11,4,7,3,1,3,1,18,1,6,6
5,11,4,7,3,3,4,1,3,3,3,7
5,31,5,6,3,2,5,1,1,3,3,7
6,35,3,7,3,3,3,1,1,1,6,4
6,7,1,9,3,7,3,7,20,2,8,7
5,19,3,7,3,1,7,5,10,1,6,4
4,23,2,8,3,3,3,3,2,4,6,7
7,24,2,9,3,3,4,6,11,1,7,6
6,35,2,7,3,1,6,3,6,1,6,7
2,39,1,7,3,3,3,5,18,1,6,7
5,51,4,8,3,1,8,2,4,3,6,6
6,51,4,3,3,4,3,2,1,1,6,5
6,70,7,7,3,1,8,1,3,4,5,6
5,74,2,5,3,3,8,2,20,1,8,5
7,78,2,7,3,3,4,3,6,2,7,6
2,3,1,7,3,3,3,1,20,5,5,7
4,4,3,9,3,1,10,3,3,1,6,7
1,5,1,7,3,5,6,2,3,1,5,7
4,6,2,8,3,2,3,7,4,1,6,7
3,6,2,6,3,3,2,1,19,1,7,7
6,11,4,5,3,3,4,1,15,3,6,6
6,23,4,5,3,3,5,3,4,1,6,4
5,24,2,1,3,3,4,3,3,2,6,7
12,72,3,4,3,1,3,3,4,3,6,5
7,90,5,6,3,1,7,1,4,3,7,6
5,1,3,8,3,3,2,1,1,1,6,5
4,2,2,7,3,3,2,7,3,7,6,1
2,5,2,6,3,3,3,2,3,1,6,8
2,19,2,7,3,3,3,1,21,1,6,7
7,37,2,3,3,4,3,6,1,2,7,7
4,43,3,1,3,1,3,2,4,2,6,6
5,51,3,7,3,1,3,1,3,3,7,7
6,55,2,7,3,3,9,3,7,2,7,7
5,58,5,5,3,3,6,2,13,1,6,6
6,62,3,8,3,7,3,1,16,3,6,4
7,76,4,6,3,3,3,2,20,1,6,5
6,77,3,8,3,3,9,2,1,1,7,3
2,1,1,8,3,3,3,3,13,1,6,7
5,11,1,1,3,3,3,1,3,2,6,7
5,15,2,1,3,3,3,3,1,2,6,7
3,17,3,7,3,3,8,4,28,1,6,6
6,25,4,8,3,1,3,2,4,2,6,7
5,33,2,7,3,1,4,1,2,2,6,7
5,35,3,5,3,3,4,1,4,3,6,7
7,37,3,7,3,1,6,8,3,2,7,7
5,39,1,7,3,3,6,1,1,1,6,6
5,41,4,6,3,3,2,1,3,4,5,7
6,43,2,5,3,1,4,4,3,2,5,7
13,47,3,8,3,1,7,3,1,3,7,4
6,51,3,8,3,1,3,2,3,3,8,6
5,69,2,8,3,3,8,5,1,2,8,6
4,1,1,9,3,2,3,2,1,1,6,7
5,3,3,6,3,3,3,2,12,1,6,2
5,5,3,8,3,3,9,2,13,1,6,6
3,6,2,7,3,1,3,1,3,2,6,7
7,22,1,9,3,1,9,1,27,1,7,3
5,31,3,6,3,3,10,2,3,1,6,7
4,35,3,9,3,1,3,1,3,3,6,7
6,39,6,8,3,3,2,1,3,4,4,7
5,45,2,7,3,1,3,1,18,1,7,4
3,46,3,7,3,3,2,1,1,1,7,7
6,58,5,5,3,3,3,1,1,3,5,7
5,69,3,8,3,3,2,2,3,1,7,6
4,6,2,9,3,1,3,2,3,2,6,7
4,7,3,5,3,1,3,2,3,2,6,8
3,17,4,7,3,1,5,2,3,1,6,7
5,24,5,2,3,3,3,1,1,2,6,7
5,37,2,7,3,3,6,4,3,1,6,7
8,41,4,9,3,1,3,2,18,3,6,4
7,64,4,5,3,4,4,7,3,3,6,7
6,72,5,5,3,3,4,2,4,1,6,6
9,72,4,8,3,4,4,4,19,2,7,5
5,1,1,10,3,3,3,1,21,1,6,4
5,2,2,3,3,3,3,1,4,1,6,4
5,15,1,9,3,3,3,1,1,1,6,4
6,19,2,7,3,3,3,3,3,1,6,7
5,25,2,8,3,1,3,1,4,1,4,6
6,39,4,6,3,3,3,3,3,1,6,7
6,41,2,6,3,1,3,3,4,1,6,4
4,42,3,7,3,3,4,1,3,1,6,7
5,46,4,3,3,1,3,6,13,3,6,7
5,51,2,2,3,1,3,3,19,3,6,3
7,51,3,3,3,1,6,7,1,2,7,7
5,70,4,7,3,3,3,3,1,2,6,4
5,70,3,7,3,3,8,4,6,1,6,5
6,79,5,8,3,1,5,1,20,2,12,5
8,80,4,7,3,1,3,2,3,2,6,7
6,81,5,6,3,3,3,2,4,1,6,5
4,14,4,9,3,3,2,1,13,8,6,1
3,15,2,9,3,3,3,5,7,1,6,7
3,25,2,8,3,3,3,4,4,1,6,7
7,41,2,6,3,4,6,7,1,2,7,7
6,43,4,8,3,4,3,3,18,1,8,7
5,53,3,2,3,3,5,1,4,3,3,7
3,70,5,3,3,3,3,2,1,3,6,7
12,70,3,9,3,1,8,4,19,3,8,4
4,12,2,9,3,1,7,5,18,1,6,6
5,17,2,9,3,1,3,6,18,1,6,3
6,17,2,9,3,1,3,2,4,6,8,1
5,21,1,3,3,3,4,1,1,1,6,7
8,21,2,9,3,1,3,2,8,3,10,5
3,35,1,3,3,3,9,2,3,1,6,7
7,37,3,4,3,1,3,2,3,3,6,7
5,41,2,9,3,1,3,1,11,1,6,7
5,41,3,4,3,3,3,3,4,2,6,6
5,41,3,8,3,3,8,1,24,3,7,4
2,53,3,6,3,3,8,4,3,1,6,7
4,53,3,7,3,3,3,4,4,1,6,6
7,72,4,7,3,1,8,2,13,2,7,5
12,79,4,9,3,1,8,2,13,2,9,5
2,1,1,8,3,3,2,1,3,3,6,7
3,1,3,6,3,2,3,2,3,1,3,7
3,2,1,9,3,3,3,2,3,3,5,6
4,6,2,9,3,3,8,2,25,1,6,6
5,13,3,7,3,3,3,3,1,1,6,6
2,17,2,3,3,3,3,2,3,2,6,7
1,19,2,6,3,1,8,2,3,2,5,7
8,25,3,7,3,1,8,3,22,3,7,3
4,33,4,6,3,3,3,1,6,1,7,7
6,39,2,4,3,5,7,2,6,2,4,7
5,41,2,5,3,1,3,6,4,2,6,7
7,49,4,9,3,1,8,2,3,1,7,4
6,51,5,7,3,1,9,3,3,3,6,4
7,52,3,7,3,1,8,2,27,3,8,3
9,55,2,9,3,1,4,6,13,2,5,4
7,64,2,8,3,4,4,6,11,2,4,5
6,66,4,9,3,1,3,4,13,1,7,4
5,68,4,2,3,3,7,2,1,4,6,7
6,72,3,7,3,1,3,1,24,2,7,6
11,72,4,8,3,1,10,1,10,2,9,4
3,5,1,8,3,3,3,1,4,1,6,7
6,15,3,8,3,3,3,1,18,5,10,1
2,17,3,10,3,1,3,2,1,1,6,7
5,41,2,5,3,3,3,2,3,2,6,7
5,45,5,6,3,3,3,1,3,4,2,7
7,47,4,7,3,1,8,1,1,2,6,4
6,55,5,8,3,3,3,1,3,4,4,7
6,58,3,9,3,1,11,4,3,2,6,5
6,62,2,9,3,1,8,2,13,1,9,5
6,64,4,6,3,1,9,2,4,1,6,5
5,68,2,7,3,3,3,3,3,2,6,7
6,69,1,6,3,3,4,2,1,2,6,7
5,83,2,3,3,3,4,1,1,1,6,6
5,6,2,9,3,1,9,3,4,1,6,4
2,14,2,6,3,3,10,2,1,1,5,7
4,15,1,6,3,3,3,4,4,1,6,7
8,16,1,8,3,1,3,1,4,1,6,3
4,25,4,7,3,1,3,3,9,1,3,4
5,25,2,7,3,3,3,2,22,2,6,7
5,35,2,3,3,3,3,3,13,2,4,7
6,35,1,3,3,3,5,6,3,2,6,7
5,41,4,7,3,1,4,2,9,1,7,3
6,47,4,1,3,1,3,3,10,3,6,7
5,51,3,8,3,1,9,2,1,2,6,5
6,51,4,8,3,3,3,1,1,4,2,7
5,55,1,8,3,4,12,3,3,2,6,6
1,57,4,5,3,3,3,3,18,2,6,7
11,57,6,7,3,3,4,1,3,4,4,6
6,58,6,6,3,3,3,1,1,3,4,7
8,76,4,7,3,1,8,2,11,1,6,4
4,3,2,8,3,1,2,1,3,1,5,7
2,7,1,8,3,3,13,4,3,1,6,7
3,12,1,3,3,3,3,1,3,1,5,7
3,19,2,9,3,3,11,3,1,2,6,7
8,19,3,4,3,3,5,5,1,2,6,7
4,25,3,9,3,3,3,1,19,1,8,7
5,41,3,7,3,4,4,1,10,3,6,7
6,41,3,7,3,4,4,1,3,3,6,7
5,43,3,3,3,1,3,3,6,3,5,7
5,43,3,6,3,3,3,2,3,2,6,7
6,60,4,9,3,1,3,5,20,2,8,3
9,60,3,7,3,1,3,5,19,2,7,4
5,73,4,6,3,3,7,2,19,1,6,6
6,74,3,4,3,1,3,2,3,2,6,7
9,86,7,7,3,1,8,2,4,3,6,6
2,9,4,7,3,1,3,1,3,2,6,7
5,31,2,9,3,4,3,4,2,2,6,7
5,37,4,6,3,1,9,1,2,2,5,7
5,39,1,8,3,3,7,2,22,1,6,7
5,55,5,5,3,3,3,3,18,3,6,7
5,69,4,7,3,3,9,1,13,1,7,6
8,72,2,9,3,1,8,2,13,1,7,4
6,74,4,6,3,4,10,2,11,2,6,6
6,74,3,3,3,3,3,2,1,1,6,5
7,78,2,6,3,4,3,2,3,1,6,5
5,11,2,3,3,3,3,2,1,1,4,7
2,29,4,5,3,4,2,6,3,1,6,7
4,36,2,8,3,3,3,4,18,1,6,6
6,58,2,9,3,1,11,1,1,1,8,6
12,58,4,7,3,1,3,1,10,1,8,4
6,70,6,7,3,5,3,6,17,1,6,4
7,72,4,7,3,4,4,1,4,1,8,6
4,8,4,5,3,3,2,3,3,1,6,4
5,11,3,7,3,3,4,4,4,1,5,7
4,13,3,6,3,1,7,4,3,1,5,7
4,31,3,6,3,3,9,1,3,1,6,7
4,31,1,2,3,1,3,2,13,1,6,7
6,37,1,7,3,4,8,2,3,2,6,7
5,41,3,3,3,3,3,5,6,2,6,7
5,41,3,6,3,3,7,1,3,3,6,7
3,58,4,6,3,3,3,8,13,1,7,7
7,58,4,8,3,1,3,3,13,1,6,6
8,60,4,8,3,1,7,6,19,1,7,4
5,75,5,3,3,3,3,3,13,2,6,4
7,76,3,8,3,6,9,4,1,2,6,4
6,80,3,4,3,3,3,3,10,3,6,7
6,85,5,3,3,3,10,1,3,3,6,7
6,3,2,8,3,1,3,1,20,3,7,7
2,13,3,5,3,4,6,4,4,2,6,7
2,13,2,8,3,3,9,5,3,1,6,7
4,15,1,10,3,1,4,1,19,1,5,6
5,23,1,9,3,3,3,4,20,1,6,6
7,37,5,9,3,1,3,6,6,1,6,4
1,41,5,7,3,3,3,2,3,1,6,7
5,41,3,6,3,3,8,5,3,2,6,7
6,41,3,8,3,1,2,1,6,3,7,7
4,45,3,8,3,1,3,1,3,3,6,3
8,47,2,6,3,3,4,5,3,2,6,7
5,58,5,6,3,3,3,2,3,1,6,6
12,60,1,7,3,1,3,4,4,3,6,6
13,62,4,8,3,1,4,2,25,1,6,4
6,67,4,4,3,3,3,3,3,2,6,7
6,70,2,7,3,3,9,3,3,1,7,6
5,74,3,5,3,3,5,1,20,1,6,5
6,76,4,6,3,1,9,4,25,1,7,6
3,1,3,8,3,3,3,1,13,1,5,7
5,1,3,9,3,3,2,2,20,1,6,7
4,5,4,9,3,3,3,2,13,1,6,7
2,7,6,8,3,1,2,2,3,2,6,6
5,15,2,8,3,1,7,6,11,1,6,5
9,15,3,7,3,1,3,1,18,1,6,3
4,31,1,5,3,3,3,3,1,1,6,7
6,39,2,10,3,1,10,3,19,1,7,4
6,39,2,10,3,1,10,3,19,1,7,4
5,57,2,5,3,3,5,2,6,2,6,7
6,68,4,6,3,3,4,1,3,3,6,7
6,70,4,3,3,3,3,2,4,1,7,6
5,82,5,6,3,6,6,2,3,3,6,7
5,19,2,1,3,3,3,3,1,3,6,7
6,19,2,7,3,3,6,5,3,1,6,7
6,22,2,6,3,1,6,7,8,2,7,7
3,23,2,9,3,1,8,3,4,1,7,5
5,25,1,1,3,3,3,2,2,1,6,7
6,27,1,4,3,1,7,8,8,2,6,7
4,30,2,8,3,3,3,1,1,1,10,7
5,31,2,5,3,1,8,8,3,3,6,7
9,31,3,9,3,1,10,2,19,1,7,3
5,35,2,6,3,3,3,1,19,3,6,4
5,37,3,8,3,5,3,5,1,1,6,5
6,45,5,5,3,3,3,2,3,3,5,7
8,57,2,6,3,5,4,7,13,2,6,7
5,58,2,5,3,3,3,2,6,2,5,7
5,58,2,5,3,3,3,2,6,2,5,7
5,67,3,6,3,3,3,2,5,2,7,7
5,4,3,11,3,1,3,1,3,1,12,2
5,4,3,12,3,1,2,1,4,2,11,5
6,11,2,8,3,3,3,1,1,1,7,7
1,14,3,9,3,3,3,3,19,8,10,1
6,25,3,10,3,1,9,1,13,3,7,2
5,35,1,6,3,3,3,4,4,1,6,7
5,51,3,3,3,3,3,4,3,2,6,7
7,53,5,6,3,1,3,1,4,2,7,5
5,55,2,6,3,3,3,5,3,2,6,7
12,66,4,8,3,1,6,2,18,3,7,6
6,76,4,7,3,1,3,4,13,2,8,5
12,76,5,6,3,6,4,1,4,3,6,6
9,86,3,5,3,1,11,2,3,3,6,6
4,3,1,9,3,3,3,1,4,1,7,7
4,5,2,6,3,3,9,4,6,1,5,6
7,33,2,10,3,6,3,2,4,1,7,4
1,43,3,5,3,1,3,3,13,2,6,7
5,47,2,5,3,3,9,1,4,3,6,7
5,68,4,8,3,1,8,3,18,1,8,7
7,69,2,8,3,1,8,1,15,3,6,7
5,70,1,7,3,3,4,2,4,2,6,7
7,30,1,7,3,1,4,2,4,1,6,7
6,31,4,9,3,1,4,2,10,2,6,3
8,41,2,10,3,1,4,2,24,1,6,3
6,60,6,3,3,3,4,5,3,3,6,7
6,69,2,6,3,3,3,2,3,3,6,7
12,69,2,9,3,6,4,1,15,2,6,4
8,74,4,4,3,1,3,1,13,2,6,5
13,74,4,8,3,1,13,2,18,2,7,6
8,76,2,7,3,1,4,1,18,1,8,5
6,78,2,7,3,1,4,2,4,2,8,7
4,1,5,9,3,1,2,1,1,1,4,4
1,5,3,9,3,1,3,1,1,1,4,7
5,17,2,5,3,3,3,5,4,1,6,7
5,25,5,8,3,1,8,1,3,1,6,5
5,39,2,3,3,3,3,3,13,2,6,7
7,43,2,2,3,4,3,3,3,3,4,7
8,45,2,8,3,6,5,6,11,1,7,7
7,60,3,10,3,1,3,9,1,3,11,2
6,64,2,9,3,1,3,4,27,3,9,4
5,69,3,7,3,3,8,4,13,1,7,7
13,71,3,9,3,1,8,1,19,1,10,4
5,78,2,4,3,3,3,2,8,3,7,6
4,6,4,7,3,3,3,1,13,1,6,4
4,31,3,8,3,4,4,1,1,1,8,7
7,33,2,9,3,1,4,4,4,1,6,4
6,37,4,7,3,3,3,6,3,1,6,6
3,41,3,9,3,3,3,1,13,1,7,7
12,47,4,9,3,1,3,1,6,2,7,5
6,51,4,8,3,1,8,1,4,1,7,5
14,58,4,9,3,1,11,6,1,2,7,4
8,64,4,10,3,7,10,3,19,1,8,5
12,75,3,6,3,3,3,2,18,2,6,6
6,78,4,2,3,3,6,1,4,3,6,7
6,6,1,9,3,5,3,3,1,1,6,4
6,25,2,2,3,1,3,1,20,2,6,7
5,33,1,5,3,3,7,2,8,1,5,7
7,38,2,6,3,1,3,3,3,2,5,7
5,51,2,5,3,3,4,5,4,1,5,7
4,1,2,8,3,3,3,1,4,1,6,7
3,5,2,7,3,1,3,1,19,9,6,6
5,17,2,9,3,1,4,2,3,2,10,4
5,17,1,2,3,7,3,5,11,1,6,8
6,25,3,6,3,1,3,3,3,2,6,7
6,37,2,6,3,1,3,1,3,1,2,4
7,38,2,9,3,1,8,2,27,1,7,4
5,51,4,7,3,1,4,1,3,1,6,7
6,51,3,9,3,4,4,1,21,1,6,5
7,60,4,3,3,3,4,2,4,3,6,7
6,64,5,2,3,4,3,1,4,2,6,6
12,64,2,7,3,1,3,1,13,2,6,5
6,70,2,6,3,3,6,6,8,2,6,7
5,74,3,7,3,3,3,3,19,2,7,6
8,82,4,7,3,1,3,2,1,1,7,5
4,6,2,8,3,3,3,1,4,2,6,7
5,12,2,10,3,1,3,1,4,2,6,7
5,17,2,8,3,3,3,1,10,1,6,6
8,26,3,8,3,1,3,1,8,3,6,3
8,26,3,8,3,1,3,1,8,3,6,3
6,31,2,9,3,7,8,1,1,2,7,3
5,35,3,1,3,1,3,3,3,3,6,7
3,42,2,9,3,4,10,2,3,2,6,7
7,45,6,4,3,4,3,1,3,3,6,4
5,47,3,8,3,1,3,1,4,3,6,3
6,47,3,11,3,1,10,4,19,1,7,4
6,47,3,11,3,1,10,4,19,1,7,4
5,58,3,5,3,1,7,1,6,1,6,5
6,64,3,9,3,1,3,3,13,3,7,6
8,76,3,8,3,1,3,1,6,1,8,6
7,77,3,8,3,1,3,1,19,2,6,6
8,78,3,7,3,1,8,1,25,2,6,4
5,82,3,6,3,1,8,1,4,1,6,4
4,1,2,9,3,5,1,1,1,1,6,4
5,6,4,9,3,1,3,2,3,1,6,4
5,10,1,9,3,3,3,2,3,1,7,6
12,24,3,10,3,5,8,2,10,3,6,4
7,30,4,10,3,1,4,1,13,8,12,1
8,35,1,9,3,1,3,2,18,2,3,5
5,39,3,6,3,3,3,6,8,2,5,7
7,51,2,9,3,9,3,1,13,3,7,8
12,51,2,9,3,1,4,3,13,2,6,4
7,53,3,6,3,7,3,2,4,2,11,7
8,64,2,6,3,3,3,2,13,2,5,7
7,67,4,10,3,1,9,1,1,2,12,4
6,86,4,6,3,1,9,1,19,2,7,6
5,91,3,6,3,4,4,4,17,2,7,5
1,4,3,8,3,1,4,3,3,1,6,7
7,18,3,6,3,1,3,1,1,2,7,7
7,19,1,10,3,1,5,4,1,1,7,3
6,33,2,3,3,3,4,2,3,2,5,7
12,37,4,9,3,1,11,2,18,1,7,4
2,41,3,5,3,1,10,6,8,1,6,7
6,60,2,9,3,5,8,3,12,2,7,6
5,64,3,6,3,3,9,1,18,1,6,7
8,69,2,6,3,1,6,5,19,2,6,7
6,70,1,5,3,3,3,3,4,2,6,7
6,76,4,9,3,1,3,1,10,1,6,6
5,9,1,9,3,1,9,3,21,1,6,4
3,17,2,3,3,1,3,1,4,1,6,7
2,19,2,8,3,1,3,3,3,1,6,7
5,31,2,7,3,1,2,2,13,2,4,7
8,35,4,9,3,1,9,1,19,2,4,6
5,37,2,6,3,1,6,5,3,1,7,6
8,37,1,9,3,7,7,1,4,3,6,8
6,45,3,7,3,1,7,3,3,2,4,6
8,49,5,9,3,1,7,1,1,1,7,5
5,51,1,4,3,4,3,5,2,1,6,7
5,53,2,6,3,1,9,2,3,2,5,7
5,57,3,7,3,3,8,6,6,1,6,7
6,58,4,9,3,1,8,3,1,2,6,4
5,60,5,7,3,3,8,5,1,2,7,6
6,64,4,6,3,3,4,2,4,2,6,7
7,64,3,8,3,1,3,3,1,1,7,4
5,68,4,3,3,3,5,6,3,3,4,7
4,69,3,5,3,3,3,1,4,1,6,7
4,2,2,8,3,3,3,2,13,2,6,7
4,4,2,9,3,3,2,2,6,9,6,7
7,19,2,10,3,1,2,3,18,1,7,4
6,29,3,4,3,3,4,2,1,2,6,7
4,39,4,2,3,3,2,5,3,2,5,7
5,43,1,10,3,1,3,1,24,3,6,4
5,47,4,9,3,1,2,2,18,2,6,3
5,51,4,7,3,3,3,3,19,1,6,7
7,51,4,6,3,5,3,1,4,2,7,7
13,53,4,8,3,1,3,1,3,3,6,5
6,64,1,9,3,3,8,4,9,1,8,6
6,72,2,6,3,3,4,1,4,2,6,7
8,74,3,8,3,1,10,4,18,1,8,5
8,81,5,7,3,1,2,1,13,2,7,6
2,1,2,6,3,3,7,4,18,1,4,7
4,2,3,10,3,3,3,3,4,6,6,1
3,4,2,8,3,3,3,1,11,1,6,7
4,18,2,4,3,3,4,5,13,1,6,7
4,29,3,7,3,3,3,2,6,2,6,7
5,41,3,7,3,3,3,1,4,1,7,7
6,41,3,7,3,3,3,1,3,1,7,6
5,51,2,4,3,1,3,10,3,2,6,7
5,55,2,7,3,1,3,1,3,2,6,7
5,55,2,7,3,1,3,1,3,2,6,7
5,58,3,6,3,3,4,4,3,3,6,7
5,62,2,9,3,3,9,5,20,1,7,7
7,64,2,7,3,1,3,2,1,2,7,6
7,69,3,10,3,1,9,1,18,1,10,7
8,70,2,3,3,3,9,1,3,2,6,7
7,73,5,8,3,3,10,2,19,1,7,6
9,74,2,8,3,1,7,3,1,2,7,6
2,1,1,6,3,1,3,1,4,1,4,7
4,4,3,10,3,4,3,3,3,8,4,1
3,25,4,6,3,3,11,3,16,1,6,7
5,28,3,6,3,3,3,3,19,1,7,7
7,29,4,11,3,1,3,1,18,4,12,2
5,32,2,3,3,3,4,1,3,2,6,4
6,35,4,5,3,1,4,4,4,3,6,7
6,37,4,8,3,1,4,2,18,1,6,5
7,45,5,5,3,1,4,2,3,3,6,7
6,51,4,6,3,1,8,2,4,3,6,7
5,53,3,1,3,1,3,2,13,2,6,7
8,64,6,7,3,3,3,1,3,4,4,7
9,65,3,9,3,1,8,1,19,3,11,3
6,74,4,2,3,1,8,2,1,3,6,7
7,89,4,7,3,3,10,1,10,1,7,6
5,92,3,2,3,3,6,2,4,2,6,7
5,1,3,8,3,3,2,1,3,8,4,1
5,19,3,7,3,1,3,6,13,1,6,7
5,29,2,6,3,1,4,1,8,3,5,7
6,43,3,5,3,3,4,4,3,2,6,7
7,43,4,8,3,1,9,1,6,1,6,7
5,51,2,10,3,3,4,5,24,1,6,5
13,73,4,9,3,1,11,1,6,2,10,4
3,6,4,7,3,3,7,1,17,1,6,4
5,17,2,10,3,1,7,3,19,1,8,6
4,18,2,9,3,3,3,6,19,2,9,7
6,35,2,7,3,1,2,1,3,3,6,7
6,41,3,9,3,1,5,1,13,2,7,7
5,47,3,8,3,1,3,3,3,2,7,7
8,58,5,7,3,1,3,1,4,3,6,4
8,60,1,10,3,1,10,3,19,2,7,4
5,67,5,5,3,3,3,1,3,1,6,7
13,68,3,8,3,1,3,3,19,1,7,4
4,2,1,9,3,3,3,2,4,1,6,7
5,15,2,3,3,1,4,3,11,1,5,7
6,41,4,8,3,1,3,3,3,3,6,7
7,41,3,6,3,3,4,2,15,3,6,7
7,41,3,6,3,3,4,2,15,3,6,7
7,44,2,10,3,1,11,3,1,3,8,5
5,51,3,9,3,1,3,1,24,1,6,6
6,51,4,8,3,1,8,4,4,1,7,6
7,51,3,7,3,1,3,3,3,3,6,7
6,60,5,5,3,3,4,1,21,3,6,7
6,64,3,6,3,1,3,4,13,2,6,7
8,68,2,10,3,1,10,1,27,2,8,5
4,3,3,10,3,3,2,4,3,1,6,7
5,10,5,7,3,1,3,3,4,1,6,4
9,41,1,10,3,6,3,1,25,2,10,3
5,57,6,7,3,3,3,1,4,4,5,7
5,58,3,8,3,1,2,1,6,2,6,7
6,58,6,7,3,1,3,1,11,2,6,5
7,58,3,7,3,1,7,2,4,1,7,7
5,64,4,4,3,3,4,2,4,3,6,7
4,66,1,9,3,3,8,3,1,1,8,7
6,70,2,7,3,1,2,7,6,2,6,7
6,70,3,3,3,1,7,3,18,2,6,6
7,70,2,5,3,1,6,1,4,1,6,6
10,84,5,3,3,3,5,1,3,3,6,7
9,90,6,4,3,1,11,1,3,3,6,8
4,1,3,10,3,3,2,2,11,2,6,4
5,1,3,9,3,3,3,4,13,1,6,7
1,5,3,7,3,3,2,1,1,5,3,7
6,19,2,10,3,1,8,4,24,1,6,3
5,23,2,9,3,1,3,2,13,2,7,7
6,39,2,4,3,4,3,3,4,2,6,7
5,41,4,8,3,3,3,2,4,1,7,7
12,70,3,10,3,1,10,4,19,1,10,6
8,95,5,6,3,3,3,1,6,3,3,7
3,1,2,9,3,3,2,4,4,6,6,7
5,23,3,8,3,1,3,4,4,1,6,7
5,25,3,5,3,3,3,1,4,1,6,7
3,35,2,8,3,3,3,1,11,1,5,7
8,39,3,9,3,6,8,1,1,1,10,4
5,44,2,7,3,1,3,3,3,2,6,7
8,47,5,6,3,1,4,1,19,2,6,5
5,58,5,4,3,3,10,4,10,2,6,7
7,69,5,9,3,1,3,1,10,1,6,6
7,73,3,7,3,1,4,2,1,2,6,6
8,74,3,7,3,1,3,3,20,1,6,6
12,92,6,7,3,5,3,2,20,3,6,4
3,1,3,7,3,1,3,3,1,9,6,2
3,4,3,9,3,3,3,2,1,1,6,7
2,11,1,8,3,1,3,1,3,2,6,7
3,15,2,9,3,3,3,3,4,1,7,7
5,27,2,6,3,1,3,1,11,1,6,6
5,31,2,8,3,3,3,2,4,4,6,7
5,57,3,6,3,3,3,1,4,1,7,7
5,60,4,5,3,3,4,2,13,3,6,7
5,64,2,6,3,3,3,3,1,2,6,7
6,68,3,5,3,3,4,2,4,2,6,7
7,71,3,10,3,1,11,4,18,1,10,6
13,72,3,9,3,1,3,2,18,2,5,6
8,78,4,3,3,3,3,1,3,3,6,7
13,83,3,5,3,3,4,1,10,2,5,6
5,4,2,10,3,1,3,2,19,1,6,5
4,9,1,9,3,3,3,2,3,1,6,7
5,17,3,2,3,3,4,6,3,2,4,7
2,22,2,9,3,4,3,2,3,1,6,7
3,25,3,8,3,3,4,3,3,1,6,7
3,38,1,3,3,1,10,1,20,1,8,8
7,65,4,7,3,1,3,1,13,2,6,4
7,68,3,9,3,1,4,2,3,3,6,7
5,70,3,6,3,3,9,6,4,2,6,7
8,82,3,8,3,1,8,2,17,1,7,4
5,84,3,3,3,3,5,1,18,2,6,7
3,1,1,10,3,3,2,1,18,6,6,7
4,6,1,8,3,3,3,2,6,1,7,7
5,11,2,9,3,3,3,2,3,2,6,7
5,33,1,5,3,3,3,1,3,1,6,7
6,35,5,10,3,1,2,1,6,4,6,4
5,43,1,3,3,1,4,8,4,1,6,7
6,45,1,6,3,3,3,2,4,2,6,7
11,51,3,6,3,1,3,1,10,3,8,2
7,53,2,4,3,4,3,2,4,2,5,7
5,56,4,2,3,3,3,1,11,2,6,4
5,57,2,3,3,3,4,1,3,1,4,7
6,60,3,9,3,1,10,6,26,3,10,6
6,66,3,9,3,1,3,2,7,3,6,7
8,66,4,3,3,3,4,3,4,3,6,7
8,73,4,8,3,1,10,3,13,1,7,7
5,74,2,4,3,3,8,6,3,2,6,7
8,79,3,9,3,1,3,1,1,2,7,5
12,82,4,8,3,7,12,2,25,3,9,4
5,19,2,5,3,3,3,3,13,1,6,7
6,31,2,8,3,1,4,5,3,2,6,6
5,51,3,7,3,3,3,4,6,2,6,7
6,60,5,2,3,1,4,6,1,3,6,7
8,64,3,3,3,6,4,2,11,3,6,8
7,68,3,5,3,3,4,4,11,2,7,7
5,69,4,5,3,3,3,3,19,2,6,7
5,70,1,4,3,3,3,2,18,2,6,7
7,74,4,8,3,4,9,1,27,1,7,6
8,74,3,3,3,3,9,1,6,3,6,7
7,76,4,7,3,1,2,2,19,3,8,6
6,82,5,9,3,1,8,2,18,2,8,6
5,1,2,10,3,1,4,1,18,1,6,6
4,6,3,7,3,3,3,4,3,2,6,7
6,35,2,9,3,1,8,2,18,2,6,6
9,35,2,8,3,1,5,7,13,2,7,7
5,39,2,6,3,1,4,2,11,2,5,7
6,47,3,6,3,5,3,2,13,3,6,3
5,51,4,6,3,3,3,1,2,2,5,7
14,53,4,9,3,1,3,1,13,2,8,4
5,64,3,4,3,1,5,1,3,3,5,7
6,64,4,10,3,1,9,2,13,1,8,4
7,69,2,9,3,1,11,3,25,1,10,6
9,70,3,6,3,4,8,3,1,4,7,7
8,78,3,6,3,3,9,6,13,3,6,7
6,89,4,3,3,1,3,3,11,2,6,7
3,7,1,8,3,3,3,2,4,1,6,7
3,25,3,8,3,4,3,3,4,1,6,7
6,31,3,8,3,1,3,1,18,3,6,3
3,33,3,9,3,1,2,1,18,2,6,7
4,35,2,9,3,3,3,5,1,1,6,7
5,41,3,8,3,1,11,2,19,1,7,7
6,41,3,9,3,1,9,3,3,2,7,7
6,46,3,7,3,1,3,1,4,2,6,7
6,51,3,3,3,1,3,2,3,2,6,7
5,70,1,6,3,1,3,1,1,2,6,7
7,74,8,9,3,1,6,2,19,4,6,6
6,76,3,7,3,3,3,2,19,1,11,6
7,79,2,3,3,1,6,2,19,2,6,7
5,87,3,1,3,3,3,1,3,3,6,7
4,16,1,9,3,3,8,3,3,1,6,7
6,17,3,9,3,1,3,1,3,3,6,7
2,25,3,7,3,5,3,1,3,1,6,7
2,31,2,7,3,3,5,2,18,1,4,7
3,31,3,6,3,3,3,4,1,1,6,7
7,43,1,10,3,1,3,1,1,1,8,3
4,47,4,9,3,5,4,1,13,1,6,7
5,51,5,8,3,4,3,4,20,3,7,7
5,51,4,7,3,7,8,2,4,2,6,5
7,60,7,4,3,3,3,4,11,3,6,7
6,74,5,8,3,7,8,2,19,1,9,8
6,78,4,7,3,1,8,2,3,1,7,6
6,78,4,7,3,1,8,2,3,1,7,6
6,82,4,6,3,3,8,1,3,1,6,6
5,86,4,7,3,1,4,2,1,1,11,6
13,86,2,8,3,4,4,2,22,1,9,6
7,97,4,2,3,3,3,1,12,2,7,6
5,33,2,10,3,7,13,2,19,2,7,4
7,33,2,10,3,8,3,2,13,3,6,7
7,51,4,6,3,3,4,2,2,4,2,7
6,55,3,1,3,1,3,1,13,2,6,4
6,60,3,11,3,1,6,1,13,3,12,3
6,70,2,7,3,1,3,4,4,1,7,7
13,78,3,6,3,4,5,1,6,4,6,7
7,82,4,7,3,1,3,2,19,2,8,4
8,84,5,8,3,1,7,2,19,1,8,6
11,92,5,9,3,1,4,1,4,4,6,6
3,3,2,8,3,3,3,1,25,1,6,7
5,11,5,8,3,3,3,2,13,1,6,4
4,17,5,9,3,3,3,3,6,1,7,6
5,17,4,8,3,3,5,3,23,1,6,7
9,25,4,9,3,1,3,1,10,3,8,3
9,25,4,9,3,1,3,1,10,3,8,3
3,31,3,9,3,1,3,1,1,1,7,7
5,31,3,8,3,4,9,1,4,2,6,7
7,31,4,9,3,1,9,6,8,3,6,4
5,35,3,9,3,1,3,4,8,1,6,7
5,41,4,7,3,3,4,5,3,1,7,7
6,41,4,8,3,1,3,3,4,4,6,7
5,45,3,4,3,3,4,1,3,2,6,7
5,51,2,6,3,3,3,4,3,2,6,7
5,51,2,5,3,4,3,3,13,2,6,7
7,51,1,8,3,8,9,8,4,1,6,8
7,51,1,8,3,8,9,8,4,1,6,8
6,58,2,6,3,1,3,4,11,2,5,7
5,68,5,3,3,1,3,2,3,3,6,4
13,70,2,10,3,1,8,1,1,1,9,4
7,78,3,5,3,3,3,3,3,2,6,7
7,78,2,6,3,1,4,2,4,3,6,6
12,78,2,6,3,3,4,2,4,3,6,7
5,82,7,7,3,5,4,1,12,3,6,7
5,86,3,8,3,1,8,1,13,1,8,7
12,90,5,9,3,1,8,5,25,1,9,6
11,92,4,7,3,1,4,2,6,1,7,6
5,4,6,9,3,3,3,1,3,1,5,7
3,11,1,5,3,1,3,4,10,1,6,7
13,39,2,9,3,7,7,3,1,1,7,4
6,45,2,6,3,1,5,7,8,2,7,7
8,45,4,11,3,1,3,2,13,8,11,1
5,60,2,5,3,3,3,3,10,2,6,7
7,64,3,10,3,1,7,2,4,3,7,7
6,69,4,9,3,1,3,2,1,1,9,4
6,72,5,6,3,3,4,4,3,3,5,7
5,74,2,6,3,3,4,1,1,1,5,7
9,75,4,9,3,1,10,1,25,1,7,5
7,81,4,10,3,1,4,1,1,2,11,4
7,91,5,9,3,1,3,2,3,3,6,7
4,23,3,9,3,1,2,1,1,1,6,6
5,25,2,6,3,1,5,1,3,3,6,7
6,31,2,3,3,1,3,8,18,3,6,7
8,35,4,10,3,1,9,2,20,1,7,3
5,36,1,9,3,1,8,2,11,2,6,7
6,45,2,8,3,1,3,2,3,1,7,4
6,58,3,2,3,3,4,1,10,2,6,7
7,60,4,8,3,1,8,2,4,1,7,6
7,68,2,8,3,1,10,2,13,2,8,6
8,68,1,7,3,1,9,1,1,2,6,6
5,70,4,7,3,3,3,5,4,1,6,7
7,70,5,7,3,1,3,3,3,3,6,7
5,74,3,9,3,3,9,1,1,1,12,5
7,78,4,7,3,1,11,1,13,1,7,6
3,5,3,10,3,1,2,1,13,1,1,7
3,6,1,9,3,1,10,1,4,1,6,7
4,19,4,6,3,3,2,4,3,1,6,7
4,21,2,9,3,4,9,3,3,1,6,7
8,35,2,9,3,1,4,1,13,3,7,3
8,37,2,1,3,10,3,2,16,4,7,7
5,39,2,8,3,1,6,3,13,2,8,7
5,43,3,6,3,3,7,1,4,2,6,7
12,43,1,9,3,1,3,3,13,2,7,5
6,51,5,5,3,1,3,1,1,3,6,7
5,57,2,6,3,3,4,2,13,2,6,7
7,57,3,10,3,7,8,2,1,1,9,4
7,58,6,10,3,7,4,1,13,1,8,4
12,73,2,7,3,1,8,2,4,2,6,6
5,77,3,7,3,3,3,1,4,2,13,7
7,79,4,6,3,5,8,2,3,1,5,4
8,88,3,4,3,3,4,2,4,4,6,7
7,90,4,6,3,5,5,1,10,2,6,6
6,35,2,6,3,1,4,3,4,2,6,7
6,49,1,2,3,4,3,1,3,2,5,7
7,51,4,6,3,3,4,1,1,4,2,7
5,52,3,3,3,3,3,2,6,1,6,7
6,52,2,7,3,1,9,4,6,2,6,7
6,53,4,8,3,1,5,1,1,1,9,7
6,60,2,8,3,8,3,1,11,2,7,7
5,62,4,9,3,1,1,1,27,2,8,6
5,64,3,3,3,3,3,4,4,2,6,7
6,64,3,9,3,1,8,2,4,2,7,7
6,69,5,3,3,3,3,1,3,4,4,7
7,76,2,7,3,1,9,1,4,2,8,7
5,77,3,6,3,3,8,3,1,2,12,7
6,88,3,8,3,1,3,2,19,1,6,7
12,97,4,4,3,1,8,3,15,2,6,7
6,27,2,4,3,3,4,1,4,2,5,7
8,39,3,5,3,1,4,1,4,2,6,7
6,51,5,9,3,1,3,1,4,2,6,8
5,58,3,3,3,3,3,2,13,2,6,7
5,70,3,9,3,1,5,1,4,3,8,7
5,70,2,6,3,3,8,3,8,2,6,7
6,70,3,2,3,1,5,1,4,2,5,7
8,78,3,7,3,1,8,2,18,3,6,7
4,5,1,10,3,1,3,1,2,3,6,7
4,39,3,10,3,7,4,1,1,3,6,7
5,58,2,4,3,3,3,3,3,1,6,7
5,70,3,8,3,3,8,3,15,2,3,7
7,74,4,8,3,3,7,1,3,4,3,7
6,86,2,5,3,1,9,1,8,2,6,7
2,1,3,9,3,1,2,2,6,3,6,7
3,1,1,8,3,3,2,3,13,6,3,7
2,3,3,7,3,1,3,1,19,6,6,7
3,9,2,9,3,3,8,1,18,1,6,7
6,25,4,5,3,4,2,1,10,10,6,4
7,35,2,9,3,1,3,2,13,2,6,5
6,51,2,7,3,3,4,4,1,1,7,7
7,53,2,8,3,1,3,3,4,3,6,7
6,58,4,8,3,1,6,1,4,3,7,7
6,66,3,3,3,1,4,3,3,2,7,7
7,66,3,9,3,7,9,2,19,2,6,4
6,31,2,7,3,3,3,3,13,1,5,7
12,33,3,11,3,6,3,3,20,2,12,1
7,64,5,7,3,3,2,1,4,4,3,7
9,64,5,9,3,1,9,1,6,3,5,7
6,68,4,7,3,1,9,2,3,3,6,7
8,70,5,10,3,1,3,2,1,1,7,4
6,73,3,8,3,1,4,2,19,2,8,7
7,82,4,8,3,1,8,2,21,1,9,7
1,8,5,10,3,1,3,2,1,5,6,1
5,31,3,9,3,1,3,1,4,2,7,7
7,36,2,7,3,1,3,5,4,1,6,7
5,41,4,3,3,3,3,2,4,1,6,7
7,67,3,6,3,1,8,3,18,2,3,7
5,68,1,6,3,1,3,3,4,1,6,8
4,1,3,7,3,3,3,3,6,2,3,7
5,11,1,9,3,1,9,4,3,1,6,7
4,17,4,8,3,4,3,1,3,1,6,7
5,25,3,7,3,1,9,1,10,1,9,7
6,27,4,4,3,3,11,1,6,1,6,4
6,29,1,8,3,1,4,3,6,2,7,7
8,35,2,7,3,3,3,1,13,2,6,7
8,45,2,6,3,1,3,2,4,1,6,7
6,46,1,7,3,1,10,3,19,1,6,7
6,51,3,6,3,1,4,6,11,3,6,7
6,51,2,8,3,1,9,1,11,2,6,7
5,64,5,7,3,3,2,3,13,1,6,7
6,64,4,8,3,1,9,3,27,1,10,6
7,70,3,9,3,1,8,2,1,2,8,6
12,83,3,3,3,3,3,1,4,3,5,7
6,84,3,8,3,1,3,3,8,2,10,7
12,84,6,3,3,1,4,1,4,4,5,7
7,88,4,3,3,1,3,1,7,3,4,7
9,97,4,7,3,1,3,1,6,2,11,5
3,7,3,9,3,5,3,1,8,1,6,7
5,17,3,7,3,1,3,3,20,1,6,7
5,17,3,7,3,1,3,3,20,1,6,7
6,31,2,6,3,3,3,3,3,1,6,7
3,51,4,6,3,1,4,3,18,2,6,7
8,51,3,9,3,1,6,1,13,4,8,7
13,53,3,11,3,1,3,2,1,2,13,4
6,55,2,7,3,1,9,4,22,2,6,7
5,58,1,8,3,1,8,6,3,1,6,7
8,60,3,9,3,1,3,2,8,2,7,6
7,73,4,7,3,1,4,2,13,2,6,6
13,76,7,8,3,1,10,2,3,4,5,5
5,82,4,2,3,3,3,2,3,1,6,7
4,19,2,9,3,1,3,6,1,1,7,5
6,23,3,9,3,1,10,1,1,1,6,5
4,26,2,3,3,1,7,1,10,2,6,8
6,41,4,7,3,6,3,1,4,1,6,6
6,51,6,7,3,3,3,6,4,3,6,7
4,57,4,8,3,3,7,3,13,1,7,7
8,60,1,7,3,1,4,5,13,2,7,7
12,69,5,3,3,3,9,4,1,3,5,7
5,73,5,3,3,3,6,4,1,3,3,7
6,74,3,7,3,3,3,2,1,2,7,7
7,74,2,7,3,1,3,3,9,1,7,6
5,76,4,6,3,3,4,3,3,3,6,7
7,92,3,9,3,1,12,1,1,3,8,7
8,95,3,6,3,1,3,2,10,2,6,6
1,7,4,6,3,3,3,3,3,5,6,7
13,11,1,10,3,1,4,6,20,1,6,2
4,31,2,9,3,1,3,1,13,2,6,7
13,39,3,9,3,5,3,1,18,1,7,4
14,39,3,9,3,1,4,2,13,1,6,3
7,49,3,7,3,1,3,4,8,2,6,7
13,53,3,10,3,1,8,2,19,3,7,3
4,58,6,9,3,1,2,3,6,1,6,7
6,58,4,3,3,3,3,1,4,2,6,7
6,70,2,8,3,6,10,2,3,2,7,7
7,72,4,6,3,3,10,2,6,3,6,7
6,80,5,8,3,6,3,3,17,1,7,6
12,80,3,3,3,3,3,2,11,2,6,7
8,86,6,4,3,3,7,1,8,3,6,7
13,95,3,9,3,1,4,1,1,1,9,5
13,95,4,8,3,1,8,2,1,1,10,7
5,3,2,7,3,1,2,1,3,3,6,2
5,13,4,7,3,4,4,1,3,1,5,4
6,17,1,9,3,4,2,2,23,2,8,6
6,64,4,6,3,3,4,2,3,2,6,7
3,68,4,9,3,3,1,1,1,1,10,7
6,68,4,8,3,1,5,1,4,2,7,7
5,69,4,9,3,3,3,2,11,2,8,7
5,17,2,7,3,1,3,1,3,1,6,4
8,31,2,6,3,1,10,3,3,2,6,7
6,39,3,8,3,4,4,6,7,3,6,7
9,44,2,11,3,8,11,1,20,3,8,4
8,65,3,9,3,1,4,5,15,1,6,5
13,71,4,8,3,1,8,1,13,1,6,3
8,78,3,8,3,1,9,1,1,2,11,6
6,79,3,5,3,3,8,2,19,1,8,7
7,80,2,9,3,1,8,1,19,3,8,7
5,6,2,6,3,1,3,7,4,1,6,7
6,8,3,11,3,1,3,6,19,5,11,1
5,21,3,2,3,3,3,1,4,2,6,7
4,23,3,8,3,3,3,4,18,1,6,7
5,31,3,9,3,3,3,1,19,3,6,6
5,41,2,5,3,1,9,2,11,2,6,7
5,41,1,6,3,3,8,3,20,2,6,7
5,41,1,3,3,1,3,2,19,1,5,7
6,43,1,6,3,1,8,1,3,1,6,7
6,45,1,6,3,1,7,9,4,2,6,8
7,47,2,6,3,1,3,3,15,2,6,7
6,53,3,7,3,3,3,2,18,2,6,7
7,55,4,7,3,1,3,3,16,2,6,7
6,58,3,5,3,1,4,3,4,2,6,7
6,62,3,6,3,1,4,5,4,3,6,7
7,68,4,6,3,1,3,1,10,1,6,5
12,69,2,7,3,1,4,2,8,2,6,7
7,74,3,6,3,5,8,2,1,1,7,6
8,82,4,6,3,1,8,3,19,2,6,6
7,34,2,8,3,1,3,1,6,1,6,4
6,51,2,7,3,1,9,1,3,2,6,7
6,53,3,6,3,3,3,4,13,2,6,7
6,53,1,3,3,3,3,1,2,1,4,7
6,58,2,6,3,1,3,5,20,2,7,7
7,61,4,6,3,1,8,2,1,3,6,4
5,62,3,5,3,1,3,4,10,2,6,7
5,64,4,9,3,1,3,1,13,2,7,7
5,64,4,9,3,1,3,1,13,2,7,7
7,66,2,9,3,1,10,1,11,1,8,7
3,68,4,6,3,1,8,2,13,1,6,7
8,68,5,8,3,1,6,1,3,3,7,5
6,69,3,6,3,1,4,2,13,2,7,7
6,70,4,4,3,1,4,1,18,1,7,7
7,73,3,7,3,1,10,2,8,2,5,7
6,74,2,3,3,1,9,1,3,3,5,7
7,75,3,6,3,3,8,2,3,2,6,7
6,78,7,8,3,3,7,1,1,3,5,7
7,90,3,9,3,7,9,1,13,2,11,6
4,6,2,8,3,1,4,2,11,1,5,7
8,8,4,10,3,5,2,1,3,4,7,1
7,25,2,11,3,8,2,3,1,1,6,4
5,47,1,10,3,1,9,1,4,1,7,7
12,47,5,9,3,1,10,2,19,3,8,4
5,51,2,9,3,1,2,1,3,2,7,7
7,51,2,1,3,3,6,1,8,2,5,7
5,58,1,9,3,1,3,2,19,1,10,7
6,71,2,5,3,1,2,4,3,1,6,7
6,72,3,8,3,1,4,2,7,2,7,7
6,74,3,7,3,1,8,2,1,1,6,7
12,4,3,10,3,1,8,2,1,3,7,2
6,6,3,9,3,1,3,1,19,1,6,7
3,6,2,7,3,1,3,2,1,1,5,7
4,29,3,6,3,3,3,4,4,1,6,7
5,31,3,5,3,3,4,1,3,2,6,7
5,31,3,7,3,1,6,1,19,1,6,6
9,51,5,2,3,1,4,2,8,3,6,7
13,58,1,11,3,7,8,4,18,1,8,4
5,62,3,4,3,3,3,3,20,1,6,7
12,64,3,5,3,4,3,2,8,2,6,7
6,70,4,5,3,3,4,1,6,1,6,7
7,70,5,7,3,1,7,1,18,2,6,6
6,76,2,8,3,1,8,2,18,1,8,7
5,80,3,4,3,3,3,1,19,2,6,7
5,4,3,7,3,1,3,7,16,10,6,2
6,32,2,9,3,1,6,4,3,1,6,7
9,37,3,7,3,1,3,1,6,2,7,7
6,39,3,6,3,1,4,5,3,1,6,6
5,60,4,7,3,3,3,1,6,1,6,7
6,64,2,8,3,1,4,1,3,2,7,7
5,68,2,2,3,1,6,2,3,3,6,7
6,70,2,6,3,1,10,3,20,2,6,7
7,23,3,6,3,1,2,1,17,1,6,4
6,41,4,6,3,1,10,1,19,2,6,7
15,47,2,10,3,8,7,6,1,3,6,4
5,49,3,8,3,1,4,2,6,1,8,7
5,70,4,5,3,3,8,2,3,1,6,7
4,71,3,9,3,4,8,1,19,1,13,3
8,86,5,5,3,1,8,1,10,2,8,6
11,95,4,4,3,1,4,1,19,2,6,7
3,13,3,7,3,1,8,1,21,1,6,7
6,21,1,11,3,1,3,3,1,1,7,4
6,41,2,7,3,1,3,1,3,2,6,7
8,42,1,8,3,1,4,6,19,1,6,7
5,43,1,9,3,1,3,1,3,2,6,7
7,52,2,8,3,1,4,3,4,3,6,7
6,54,3,9,3,7,3,3,1,3,6,4
6,67,4,5,3,3,9,1,3,1,6,7
9,69,5,5,3,3,9,2,1,3,6,7
6,70,3,4,3,3,13,5,1,3,6,7
13,82,2,6,3,1,8,3,1,3,7,7
6,4,1,11,3,1,4,1,1,1,10,6
3,23,1,7,3,3,3,5,4,1,6,7
4,37,2,9,3,3,3,2,4,2,7,7
5,47,2,7,3,3,8,1,13,1,6,7
5,51,1,10,3,1,8,3,24,1,6,6
12,64,3,10,3,1,3,2,19,3,8,4
8,68,2,7,3,3,3,3,3,2,6,7
13,70,2,6,3,1,6,9,15,3,6,7
6,74,4,6,3,1,8,1,1,1,6,6
6,78,4,7,3,3,10,2,13,1,6,7
7,94,5,6,3,3,8,1,3,3,3,7
8,10,4,10,3,1,3,1,3,8,6,1
3,44,3,8,3,1,9,3,4,1,7,7
6,64,3,7,3,3,3,3,21,1,6,6
6,74,5,7,3,3,10,2,3,3,6,7
7,74,3,7,3,1,9,1,18,2,6,4
6,78,2,7,3,3,9,2,24,1,6,7
8,78,2,5,3,1,6,2,13,3,6,7
9,78,4,5,3,1,4,1,3,3,5,7
6,82,4,6,3,3,3,2,10,2,6,7
4,6,4,10,3,1,4,3,21,1,6,6
8,17,2,8,3,1,3,1,10,1,5,7
7,37,2,6,3,1,6,3,3,2,4,7
7,40,2,9,3,7,10,3,22,2,7,6
8,51,5,9,3,1,3,1,11,3,7,7
6,57,3,9,3,1,4,2,20,3,7,7
12,58,3,9,3,1,8,6,25,3,7,4
6,69,2,6,3,3,3,1,4,1,6,7
5,72,4,7,3,1,6,1,16,1,6,6
5,76,3,7,3,3,10,2,13,2,7,7
8,86,4,9,3,6,8,1,4,4,4,7
6,93,4,7,3,3,5,1,13,2,9,7
6,93,4,7,3,3,5,1,13,2,9,7
5,17,2,8,3,3,10,4,4,1,6,7
8,35,4,8,3,1,9,1,11,2,6,7
5,39,2,5,3,1,4,5,4,1,6,8
5,47,3,6,3,5,3,3,1,2,6,7
5,60,3,6,3,1,14,6,16,2,6,7
5,64,1,9,3,1,7,4,19,2,6,7
7,67,5,6,3,3,6,1,4,1,6,7
5,67,3,5,3,4,11,1,3,1,6,7
5,67,3,5,3,4,11,1,3,1,6,7
8,68,2,6,3,4,5,5,11,3,6,7
5,77,2,7,3,1,3,1,8,1,6,7
14,84,5,3,3,5,5,1,10,3,6,7
9,88,4,7,3,3,6,2,4,3,4,7
4,7,2,3,3,3,7,1,1,1,6,7
4,19,4,10,3,1,3,1,18,1,6,7
6,32,1,6,3,4,3,1,6,2,6,7
6,39,3,3,3,3,3,3,10,1,6,7
13,51,2,7,3,1,8,1,13,2,6,6
12,69,3,7,3,1,8,3,1,4,7,7
5,71,1,7,3,7,3,1,8,3,6,7
9,71,2,7,3,1,9,2,4,2,6,7
6,84,4,7,3,1,3,4,18,2,8,6
5,17,2,9,3,1,9,1,3,2,6,7
6,25,4,8,3,1,3,1,1,1,6,5
2,30,3,9,3,7,3,1,1,1,6,7
6,33,1,9,3,1,3,6,13,2,6,7
8,41,2,10,3,7,3,4,25,3,6,4
5,43,2,8,3,3,8,1,24,2,7,7
6,64,4,6,3,4,6,3,4,1,6,7
8,70,4,7,3,1,3,3,12,2,7,7
8,72,3,10,3,1,9,3,21,1,7,7
13,74,4,9,3,1,8,1,19,1,9,6
6,83,3,3,3,3,8,1,17,2,7,7
11,93,4,2,3,3,3,2,4,3,4,7
5,5,3,8,3,3,3,2,1,1,6,7
5,6,2,10,3,1,2,1,19,1,6,7
4,6,2,10,3,1,2,2,4,1,6,7
6,10,1,5,3,1,3,1,13,1,6,4
3,37,3,3,3,1,3,1,24,1,8,7
8,45,3,8,3,1,8,2,25,3,6,3
7,47,4,9,3,7,5,2,10,3,6,7
5,51,1,7,3,3,4,2,19,2,6,7
3,52,2,4,3,1,4,5,4,2,5,7
6,64,3,9,3,1,3,2,20,1,6,6
6,69,4,7,3,1,8,1,19,1,6,7
6,70,4,6,3,3,4,1,3,1,7,7
8,75,2,10,3,1,8,2,1,1,11,4
6,78,3,9,3,1,3,4,4,1,8,7
7,78,1,8,3,4,4,2,18,2,7,6
5,21,3,7,3,3,3,3,13,1,6,7
4,29,4,9,3,3,3,1,1,1,6,7
6,35,2,2,3,1,3,2,4,2,6,7
6,35,2,2,3,1,3,2,4,2,6,7
6,41,5,10,3,1,3,2,3,1,6,6
8,41,2,7,3,1,9,2,11,3,6,7
6,47,2,6,3,1,5,1,3,2,6,7
7,47,3,8,3,1,3,2,4,2,7,7
6,51,4,7,3,1,11,2,18,2,7,7
7,51,2,11,3,7,11,1,25,2,6,4
5,52,2,8,3,3,8,4,6,2,7,7
5,58,1,1,3,1,3,1,10,2,6,7
6,64,1,1,3,1,4,1,10,2,5,7
9,70,4,10,3,1,4,1,1,3,7,4
7,72,3,4,3,3,4,3,3,2,7,7
2,3,4,10,3,1,9,1,27,1,7,2
2,3,3,9,3,1,3,2,3,1,6,7
5,9,3,3,3,3,3,1,3,1,6,4
6,29,2,5,3,1,4,1,3,2,3,7
6,29,3,9,3,1,3,2,4,3,7,2
6,37,3,6,3,1,3,1,3,3,6,7
6,41,2,10,3,1,9,2,28,2,8,7
5,45,2,7,3,1,3,2,10,2,6,7
6,51,2,1,3,1,4,8,10,2,6,7
9,53,3,7,3,1,8,1,11,3,6,7
6,64,3,8,3,1,3,4,3,2,6,7
8,64,4,9,3,1,8,1,13,3,6,4
13,67,2,8,3,1,10,1,18,2,6,7
5,69,3,5,3,3,8,2,18,1,6,7
6,78,2,7,3,3,8,1,4,1,7,7
3,1,3,7,3,1,3,1,22,5,6,7
5,37,3,7,3,3,10,1,4,3,6,7
7,45,3,10,3,8,3,1,6,3,8,8
5,53,3,6,3,1,3,2,17,2,6,7
5,55,4,8,3,1,9,2,28,2,7,7
5,71,4,7,3,1,8,3,3,1,7,7
6,74,3,8,3,1,9,1,1,2,9,7
7,74,4,7,3,3,3,1,4,1,7,7
6,86,3,5,3,1,3,1,4,3,5,7
11,91,3,7,3,3,3,1,13,1,7,7
3,3,2,8,3,1,3,2,9,1,6,7
5,11,3,9,3,3,3,1,22,1,6,7
4,15,2,8,3,3,3,1,12,1,6,7
5,23,1,10,3,1,3,1,27,1,11,4
5,35,2,7,3,3,3,1,24,1,7,6
7,41,2,10,3,1,3,3,1,1,8,4
9,43,3,10,3,1,2,1,1,1,6,4
6,51,3,7,3,1,5,1,1,1,6,6
12,58,4,9,3,1,9,1,12,1,7,5
7,71,4,7,3,3,8,2,9,2,7,7
6,72,4,7,3,4,4,5,17,2,7,7
9,76,3,5,3,1,7,3,7,2,6,7
14,91,4,7,3,1,10,1,12,2,7,6
4,4,1,7,3,1,4,1,3,1,6,7
4,15,2,12,3,8,2,1,19,2,6,7
5,19,2,9,3,1,3,1,1,1,7,7
3,31,1,4,3,3,3,1,21,5,6,7
5,72,2,8,3,1,2,1,13,1,9,7
6,76,2,7,3,3,8,1,22,2,7,7
2,39,1,8,3,1,8,2,6,1,12,7
5,41,3,8,3,1,3,7,4,1,6,7
5,51,3,9,3,7,9,3,13,3,7,7
6,53,2,8,3,1,3,3,12,1,7,7
5,60,4,9,3,3,8,1,24,2,6,7
8,60,3,10,3,1,8,1,19,1,11,6
7,68,3,7,3,3,3,4,3,2,7,7
8,68,4,4,3,3,8,1,3,3,4,7
6,71,2,7,3,1,9,2,10,2,6,7
2,5,4,10,3,7,4,3,4,1,6,7
4,23,2,8,3,5,6,1,7,1,6,7
5,27,4,8,3,4,2,5,15,1,7,7
5,47,2,9,3,1,8,4,6,1,8,7
6,67,2,9,3,8,3,1,11,2,8,8
7,68,3,10,3,1,12,3,13,1,10,6
6,71,3,8,3,1,3,2,4,2,6,7
8,74,6,3,3,4,3,2,4,4,6,7
12,74,2,6,3,1,10,2,8,2,6,7
7,77,2,7,3,1,8,2,3,2,5,7
8,77,3,10,3,7,11,3,13,1,8,6
6,77,4,7,3,3,7,3,19,2,6,7
6,78,5,7,3,1,3,1,18,2,6,7
7,81,3,7,3,3,8,2,1,1,6,6
13,95,5,9,3,1,9,1,19,4,6,6
4,7,4,9,3,1,11,3,19,1,7,7
5,55,1,7,3,3,3,3,18,2,9,7
7,55,3,10,3,7,3,1,18,1,6,5
5,60,3,9,3,1,3,1,4,3,6,7
8,70,3,9,3,7,9,2,13,3,7,7
6,74,3,8,3,1,10,1,1,1,7,7
7,74,2,8,3,1,9,2,4,2,7,7
7,74,3,7,3,1,3,3,4,2,6,7
5,76,4,8,3,1,8,1,4,3,6,7
7,76,4,7,3,1,3,2,4,3,6,7
9,78,2,7,3,1,3,3,4,2,6,7
13,18,3,12,3,1,3,1,13,3,8,2
6,19,1,10,3,1,4,8,19,2,6,7
13,26,5,11,3,7,3,4,19,4,11,1
5,41,2,8,3,3,3,4,13,1,6,7
5,51,2,4,3,1,10,4,3,2,6,7
5,51,4,8,3,4,3,7,4,2,7,7
7,51,3,7,3,1,10,6,4,2,6,7
5,58,3,9,3,6,8,1,18,2,6,7
6,58,3,7,3,1,10,1,3,1,6,7
8,62,2,7,3,7,11,6,4,3,4,7
5,68,1,9,3,1,9,4,19,1,7,7
6,68,3,7,3,1,4,1,10,1,6,4
7,69,3,7,3,1,6,2,6,2,6,7
9,70,2,7,3,1,5,1,13,2,6,8
12,71,2,9,3,1,3,1,13,1,6,7
13,71,6,10,3,1,8,2,11,2,8,4
8,72,4,3,3,1,4,1,6,2,6,6
3,6,3,12,3,1,2,2,1,4,5,1
5,16,4,10,3,5,4,1,1,1,6,6
7,19,5,10,3,1,3,1,4,6,10,1
6,31,3,3,3,1,3,2,3,1,6,7
5,36,3,10,3,1,10,2,13,1,6,4
6,51,4,5,3,5,3,1,17,2,6,7
6,60,4,8,3,1,3,2,19,1,6,4
7,64,2,7,3,1,4,3,4,2,6,7
7,68,2,5,3,3,11,4,4,2,6,7
8,68,2,9,3,1,9,1,27,1,8,4
6,74,4,6,3,1,9,4,13,2,6,7
12,78,3,10,3,7,9,1,18,1,7,5
7,82,2,7,3,1,10,1,19,1,7,6
11,82,7,9,3,1,3,3,7,3,6,6
5,9,2,11,3,8,2,2,1,1,6,5
12,10,2,10,3,7,4,1,1,1,6,2
4,15,4,8,3,3,3,2,13,1,6,7
5,17,2,9,3,1,5,6,3,2,6,7
6,21,3,9,3,1,3,1,1,10,6,3
5,25,2,6,3,1,10,2,3,3,6,7
4,35,3,7,3,3,2,5,7,2,6,7
6,36,2,9,3,1,9,1,28,2,7,7
6,67,3,8,3,8,4,1,4,2,6,7
12,67,1,6,3,3,3,3,13,2,6,7
6,68,4,3,3,1,3,6,10,2,4,7
12,75,4,9,3,1,3,5,4,3,7,3
8,78,4,8,3,1,8,2,19,2,7,7
7,88,3,9,3,9,11,2,4,2,7,6
5,6,1,10,3,3,4,1,6,1,7,7
5,23,2,10,3,6,10,1,8,1,7,7
5,37,5,11,3,7,9,4,25,1,7,4
6,51,1,2,3,7,3,7,10,2,4,7
6,51,4,7,3,8,2,3,6,2,6,8
6,62,4,4,3,1,9,1,8,1,6,7
7,62,2,9,3,7,2,1,4,2,4,7
6,64,3,9,3,1,3,1,18,3,6,7
12,68,5,6,3,1,4,1,1,3,6,7
12,84,3,10,3,10,8,2,1,1,8,6
8,90,5,4,3,3,3,1,6,3,6,7
4,7,3,9,3,3,3,1,3,9,6,7
5,7,4,10,3,1,2,1,13,1,7,7
6,14,2,10,3,1,8,1,10,1,7,5
5,17,2,4,3,1,3,1,3,1,6,5
8,51,4,6,3,7,3,2,4,3,6,7
8,57,1,9,3,1,7,5,19,1,6,7
4,58,3,6,3,1,9,1,13,1,6,8
8,58,3,11,3,1,9,2,1,1,7,4
5,64,4,7,3,1,3,3,4,2,6,7
8,72,5,9,3,1,3,4,18,1,6,7
6,76,1,6,3,1,8,3,12,2,7,7
6,86,3,6,3,1,11,1,19,2,7,7
13,19,2,9,3,7,5,3,13,2,6,2
6,44,2,4,3,1,4,5,3,2,7,7
5,47,1,10,3,1,3,1,1,1,7,6
14,62,7,11,3,1,11,1,7,4,6,4
7,64,4,7,3,1,3,2,12,2,6,7
7,68,2,6,3,1,11,3,3,3,6,7
7,74,4,8,3,4,9,4,9,1,7,7
7,86,3,8,3,1,8,3,18,2,8,7
7,86,3,7,3,5,3,1,4,2,6,7
5,15,3,7,3,3,11,1,3,1,4,7
6,29,2,9,3,3,3,2,6,1,7,7
6,57,2,3,3,3,11,3,4,1,6,6
7,60,4,11,3,7,3,2,20,1,10,3
5,62,2,7,3,1,4,3,18,1,6,8
8,67,4,7,3,5,11,1,20,1,7,7
5,70,3,6,3,1,8,2,3,1,6,7
6,70,3,8,3,1,3,4,4,3,6,7
12,70,3,10,3,7,4,1,1,3,6,4
6,73,3,7,3,1,5,3,24,2,6,7
7,73,3,8,3,1,9,2,19,2,7,7
8,76,3,8,3,1,4,3,3,2,7,7
6,78,3,8,3,1,10,4,1,2,8,7
6,80,4,7,3,1,4,5,3,2,7,7
13,84,5,7,3,1,9,1,9,2,7,6
8,93,5,6,3,1,3,4,8,3,6,7
3,3,2,9,3,4,3,1,3,1,6,7
5,6,1,9,3,1,3,3,18,1,6,7
5,31,2,8,3,1,3,1,1,1,6,7
5,58,3,9,3,1,3,3,4,1,6,7
5,65,1,8,3,1,9,3,3,3,6,7
6,67,8,6,3,3,7,1,18,1,7,7
3,6,2,8,3,1,2,1,13,1,6,7
5,13,2,10,3,1,4,3,19,1,6,6
5,24,4,9,3,4,3,2,18,1,6,7
6,58,3,8,3,5,3,2,13,2,6,7
6,58,2,6,3,1,3,2,3,1,6,7
5,60,4,8,3,5,4,1,17,1,6,7
8,64,2,9,3,1,9,1,6,2,8,7
8,68,4,7,3,1,3,4,4,3,6,7
6,70,5,5,3,8,3,2,4,2,6,7
8,72,1,5,3,1,3,7,19,1,4,7
6,75,3,6,3,3,3,4,3,2,6,7
5,78,5,4,3,3,3,2,6,3,6,7
14,90,4,8,3,1,3,3,19,2,6,7
6,95,4,9,3,1,10,1,7,3,6,7
9,33,6,3,3,1,4,2,16,4,7,7
6,35,2,10,3,1,8,3,13,1,7,6
6,35,3,10,3,1,6,1,18,1,7,7
6,41,2,4,3,1,8,4,3,2,6,7
4,47,2,8,3,3,8,3,24,1,6,7
5,47,2,8,3,3,9,1,24,3,6,7
7,58,3,8,3,1,9,1,6,3,6,7
6,68,3,7,3,7,3,5,4,2,7,7
7,70,2,6,3,5,4,3,3,2,6,7
6,82,4,6,3,3,8,3,19,2,7,7
6,83,2,9,3,1,4,2,1,3,10,7
6,9,2,5,3,1,4,6,11,1,5,7
9,10,1,11,3,7,3,1,1,3,6,2
4,17,2,8,3,6,3,1,20,1,6,7
5,17,2,3,3,4,3,1,3,1,6,4
4,19,2,9,3,1,7,1,6,2,6,7
5,29,2,8,3,4,4,2,4,1,6,7
4,37,3,9,3,1,4,5,4,1,7,7
6,41,2,8,3,1,3,3,3,1,6,8
7,45,2,9,3,1,7,3,13,2,2,6
8,45,1,8,3,7,4,2,4,1,6,7
7,53,1,10,3,7,3,1,4,2,8,7
7,57,2,8,3,1,9,5,4,1,6,7
7,58,2,6,3,1,9,2,4,2,6,7
12,60,5,7,3,1,4,3,8,3,6,7
8,62,4,10,3,1,3,1,13,3,8,7
8,69,3,9,3,1,9,2,19,2,7,7
12,82,3,8,3,1,3,1,10,1,6,7
7,86,4,9,3,3,3,1,3,4,3,7
3,6,2,8,3,1,10,2,18,2,6,7
4,16,4,8,3,1,3,1,3,1,7,4
11,19,4,11,3,1,3,2,13,11,6,1
7,41,2,9,3,7,10,1,18,1,6,6
5,58,4,4,3,3,9,2,3,2,6,7
5,72,5,1,3,1,3,1,8,3,6,7
4,1,2,9,3,1,3,4,6,2,4,7
7,16,4,8,3,1,3,1,6,10,6,4
3,31,2,5,3,1,9,1,24,1,7,8
7,31,3,9,3,5,11,4,19,1,7,6
11,40,2,12,3,7,10,2,27,1,8,4
6,51,2,4,3,3,5,1,8,2,9,7
5,52,2,7,3,4,6,2,1,2,7,7
5,61,2,9,3,1,11,3,13,1,7,7
7,63,1,7,3,1,3,1,3,1,6,7
7,64,2,9,3,8,9,2,11,2,8,7
8,64,5,3,3,1,4,3,4,4,6,7
8,69,2,9,3,1,8,6,15,3,7,7
7,70,4,8,3,1,3,3,17,2,6,7
5,75,3,1,3,5,2,1,13,1,7,7
14,78,5,5,3,1,3,1,4,3,6,7
6,84,5,8,3,1,8,1,19,3,6,7
9,93,4,8,3,1,9,1,4,3,4,6
5,25,3,9,3,1,9,4,5,1,7,7
6,27,1,8,3,6,10,5,3,2,6,8
5,33,3,9,3,7,3,1,4,2,6,4
5,35,2,7,3,1,3,1,20,1,7,7
5,41,2,7,3,1,10,5,3,2,6,7
6,82,3,7,3,1,9,4,25,2,6,6
8,83,4,12,3,8,3,2,1,1,11,5
6,84,4,5,3,3,8,3,4,2,7,7
7,86,4,8,3,1,8,3,18,2,7,7
6,96,6,6,3,1,3,1,4,3,6,7
2,17,3,7,3,3,2,1,1,1,6,7
5,19,2,6,3,6,7,2,3,1,5,7
3,23,3,8,3,1,7,1,3,2,6,8
5,28,3,8,3,1,6,1,3,1,5,7
6,43,3,9,3,7,11,6,3,2,6,7
6,57,2,9,3,1,8,1,19,1,8,7
6,68,1,6,3,1,13,7,3,1,6,7
9,72,1,3,3,3,4,3,1,2,6,7
7,75,3,12,3,7,9,3,27,1,11,5
6,77,3,3,3,1,3,3,4,2,6,7
8,78,3,7,3,1,9,1,11,1,6,7
5,4,3,12,3,1,7,3,20,5,6,1
8,13,1,10,3,7,3,1,13,3,6,3
3,23,1,9,3,8,11,1,6,1,6,7
6,47,4,4,3,1,5,1,8,3,7,7
7,47,4,12,3,7,3,1,21,1,12,3
1,49,2,8,3,7,4,3,3,3,6,7
11,58,3,9,3,1,3,1,13,1,7,6
3,64,4,9,3,8,9,2,19,1,8,7
8,68,3,8,3,1,8,3,19,3,10,2
6,80,3,7,3,3,3,2,13,1,8,7
8,84,4,7,3,1,4,1,18,2,7,7
13,87,3,8,3,1,8,8,11,2,7,7
6,25,3,5,3,1,3,2,3,2,6,7
6,65,2,9,3,1,8,2,11,2,6,7
5,68,3,6,3,1,9,6,13,2,6,7
6,76,4,7,3,1,3,2,20,1,6,7
6,88,3,6,3,3,3,2,11,1,6,7
12,92,2,7,3,5,3,2,4,2,6,7
4,1,1,10,3,1,3,5,1,1,6,5
5,29,2,9,3,3,3,2,4,1,6,7
5,51,2,9,3,4,9,1,4,1,8,7
5,55,3,7,3,1,5,5,4,1,6,7
7,64,2,9,3,7,4,1,19,1,6,7
6,74,3,7,3,1,10,1,6,1,7,7
6,74,3,7,3,1,10,1,6,1,7,7
8,75,2,6,3,1,3,2,11,2,6,7
8,78,2,9,3,1,3,1,16,3,7,7
6,80,6,7,3,1,10,1,23,3,6,7
5,5,4,7,3,3,3,1,8,2,6,7
5,11,2,5,3,3,3,2,2,10,6,4
5,21,2,9,3,1,3,4,18,1,6,7
5,23,2,2,3,1,3,1,3,1,6,7
4,58,2,6,3,3,13,2,18,1,6,7
6,68,3,5,3,1,3,3,6,1,6,7
7,71,1,9,3,1,3,2,21,2,8,7
7,84,3,7,3,3,3,2,18,3,8,7
4,1,3,10,3,8,3,1,1,1,5,6
6,8,2,6,3,1,3,1,4,1,5,3
2,16,4,7,3,6,8,2,1,1,6,7
6,43,3,4,3,1,5,2,4,2,6,7
4,51,8,5,3,1,3,2,3,2,6,7
4,53,2,6,3,1,11,2,4,1,6,7
7,64,3,7,3,7,4,1,16,2,6,7
6,69,3,6,3,7,11,2,19,2,6,8
6,69,3,6,3,7,11,2,19,2,6,8
7,78,5,7,3,1,11,1,4,2,6,7
9,81,4,7,3,1,3,2,4,2,7,7
13,87,3,4,3,1,6,4,8,3,5,7
5,31,3,9,3,1,9,1,13,1,6,8
8,31,2,7,3,1,5,2,18,2,6,7
8,58,2,7,3,1,5,6,11,3,6,7
7,69,4,7,3,1,9,4,3,3,6,7
11,84,3,9,3,1,8,6,13,1,7,6
12,86,1,6,3,7,11,5,18,2,6,7
6,33,3,4,3,5,3,1,19,2,6,7
6,35,2,10,3,1,9,6,27,1,10,6
6,45,2,6,3,5,3,1,4,1,6,7
8,45,3,6,3,1,11,2,3,1,6,6
6,51,3,8,3,1,4,2,8,2,6,7
7,51,4,3,3,4,3,1,3,2,6,7
6,55,2,8,3,1,9,3,13,1,6,7
5,64,3,5,3,1,3,1,2,2,6,7
12,72,4,7,3,1,3,2,10,2,6,7
7,73,3,10,3,1,10,2,4,2,7,7
12,74,2,8,3,1,8,3,10,2,7,7
8,76,1,8,3,1,9,3,1,2,5,7
7,84,4,6,3,1,9,3,13,2,6,7
8,92,3,8,3,1,10,2,19,2,8,7
12,4,2,11,3,1,8,1,10,3,10,2
7,33,4,9,3,7,9,4,3,2,6,7
6,74,3,10,3,1,10,1,19,1,8,7
8,80,1,8,3,1,8,2,13,2,7,7
8,81,3,9,3,1,10,1,1,1,7,7
12,83,4,7,3,7,9,1,3,3,6,8
8,84,4,9,3,6,6,1,13,1,7,7
15,86,2,7,3,1,9,6,13,2,6,7
9,92,5,9,3,1,3,2,3,4,3,7
12,95,3,8,3,1,6,3,19,1,8,6
6,29,2,8,3,1,3,1,11,1,5,4
5,45,3,7,3,1,3,1,3,2,6,7
7,46,5,8,3,1,8,2,3,3,4,7
5,58,2,8,3,3,3,1,19,1,7,7
13,64,1,8,3,1,7,1,3,1,6,7
9,73,2,6,3,3,7,5,13,2,6,7
7,77,3,8,3,1,3,2,8,2,6,7
8,81,4,9,3,1,4,1,4,2,7,6
12,82,2,9,3,1,8,1,17,1,7,4
13,88,4,8,3,1,9,2,18,1,7,6
3,1,3,9,3,8,2,1,18,2,3,7
5,15,3,8,3,1,9,3,20,1,6,7
4,58,4,1,3,3,3,3,21,1,6,7
5,58,2,8,3,3,11,3,13,1,7,7
9,72,5,10,3,5,6,3,21,2,7,6
8,74,4,9,3,1,3,2,18,1,6,7
9,74,2,6,3,5,11,3,3,2,6,7
13,84,4,7,3,1,12,1,3,3,6,7
11,86,4,3,3,1,4,1,4,3,4,7
12,90,6,10,3,7,4,1,3,4,6,6
4,17,2,8,3,1,4,5,3,1,6,7
5,17,2,7,3,1,3,1,4,1,6,4
5,31,1,10,3,7,4,1,19,1,6,7
5,35,1,7,3,3,4,1,19,2,5,7
8,68,3,9,3,1,9,3,13,2,7,7
6,70,3,8,3,7,3,4,1,2,11,3
8,74,3,5,3,1,3,6,19,2,6,7
7,77,5,7,3,1,4,1,13,2,7,7
12,86,4,7,3,1,8,1,13,3,6,7
12,86,4,7,3,1,8,2,8,2,7,7
13,92,3,6,3,1,3,5,19,2,7,5
13,7,4,10,3,1,2,2,1,8,4,1
11,19,4,10,3,1,3,3,6,8,9,1
11,33,1,9,3,1,7,6,10,1,6,7
5,45,2,3,3,1,3,2,6,2,4,7
7,64,2,7,3,1,6,3,3,2,6,7
12,64,2,8,3,1,9,3,24,1,6,7
13,74,2,7,3,7,7,3,6,2,6,8
5,82,3,6,3,3,1,2,3,2,6,7
12,86,3,8,3,1,9,2,18,2,8,7
13,95,4,8,3,1,3,2,1,3,4,7
6,95,4,4,3,1,3,1,19,2,7,7
12,96,7,5,3,1,3,1,3,3,6,7
5,35,3,9,3,1,9,6,4,1,6,7
4,43,1,9,3,1,3,2,19,1,7,7
5,47,3,3,3,6,3,2,4,2,6,7
4,51,4,10,3,8,9,3,13,1,6,7
7,51,2,2,3,4,4,1,4,2,6,7
12,58,4,7,3,1,3,2,13,2,6,7
6,70,3,9,3,5,6,2,1,2,8,7
6,70,2,6,3,3,3,2,8,2,6,7
6,74,5,8,3,3,9,2,27,1,6,7
7,76,4,8,3,1,3,3,3,2,6,7
8,95,6,9,3,1,8,1,4,3,6,7
5,1,3,9,3,1,8,6,1,1,7,6
4,19,3,9,3,1,3,3,13,1,6,7
3,27,3,8,3,6,4,2,13,1,10,7
5,31,3,7,3,7,4,1,11,1,4,7
8,40,3,11,3,9,8,2,24,3,6,4
7,49,3,6,3,1,3,1,4,1,6,7
7,58,2,12,3,8,8,1,1,1,9,3
6,64,3,5,3,4,3,2,19,2,6,7
7,64,3,10,3,7,11,2,6,1,7,7
5,68,3,9,3,6,4,2,1,2,7,7
6,70,2,6,3,1,3,2,11,2,6,7
8,80,5,6,3,1,3,1,15,3,6,7
13,83,5,7,3,7,5,1,3,3,6,8
12,84,2,9,3,7,8,3,11,2,6,7
8,33,3,10,3,1,8,3,13,3,7,3
6,45,3,6,3,7,9,2,4,2,5,7
5,47,3,11,3,1,12,2,25,1,8,5
6,51,4,3,3,1,9,1,2,2,6,7
9,51,1,4,3,7,3,1,18,1,6,7
13,62,2,10,3,1,8,3,25,3,7,3
6,64,2,10,3,8,11,1,7,3,7,7
6,64,3,8,3,1,5,4,1,2,8,7
7,64,1,10,3,7,3,3,19,2,6,7
6,68,2,5,3,1,3,1,3,2,6,7
8,68,2,7,3,1,3,3,3,2,6,7
7,69,2,7,3,7,4,5,3,1,6,8
11,90,3,10,3,1,8,2,19,1,8,5
5,5,2,10,3,7,2,1,3,2,6,7
6,15,2,3,3,6,4,2,19,1,6,8
12,16,1,13,3,9,3,1,21,1,8,2
5,19,2,8,3,1,9,5,1,1,6,7
5,19,2,10,3,1,4,6,4,2,6,7
7,37,2,13,3,7,11,2,1,1,12,2
7,51,1,6,3,1,3,1,3,1,6,7
14,73,3,12,3,1,8,6,25,2,8,4
15,76,2,13,3,10,8,1,1,2,9,5
6,78,4,6,3,1,3,1,4,2,8,7
6,78,4,11,3,7,10,2,19,1,10,7
13,82,3,8,3,1,5,2,18,2,8,7
6,29,2,9,3,1,3,3,3,1,6,7
6,37,3,6,3,6,3,3,10,2,6,7
5,51,4,7,3,1,10,1,10,1,6,7
6,72,4,9,3,1,3,1,1,1,7,7
7,73,5,9,3,5,4,2,20,1,7,7
13,76,1,9,3,1,9,3,13,2,6,7
6,79,3,2,3,1,6,6,3,2,5,7
12,85,3,7,3,1,9,6,18,2,6,7
5,7,2,10,3,1,3,1,18,1,6,7
6,41,3,3,3,1,5,6,4,1,6,7
2,47,3,12,3,1,9,2,27,1,7,3
5,51,2,7,3,1,8,2,4,1,7,7
6,58,3,9,3,7,6,1,4,3,7,7
5,68,4,7,3,1,6,2,15,1,6,7
6,71,4,7,3,3,10,2,3,1,7,7
9,72,1,5,3,4,5,7,13,2,6,7
12,73,1,6,3,1,4,7,13,2,5,7
8,78,2,9,3,7,8,1,25,2,8,7
6,82,3,1,3,3,3,4,19,1,6,7
7,88,4,8,3,1,8,2,19,2,6,7
6,12,3,5,3,1,7,1,4,2,4,8
5,19,2,9,3,1,7,1,1,1,6,7
5,22,1,10,3,7,9,2,1,1,6,4
7,41,2,4,3,1,3,1,13,2,5,7
6,51,4,7,3,3,3,2,4,1,6,7
6,60,3,6,3,5,3,1,6,1,4,7
7,64,2,6,3,1,8,3,6,3,6,7
13,67,4,9,3,8,11,2,23,3,6,7
5,72,4,7,3,8,3,2,4,3,6,7
8,73,3,9,3,1,4,1,19,1,7,7
7,74,2,8,3,1,3,1,18,1,7,7
6,75,5,8,3,1,14,1,3,1,7,7
13,86,4,8,3,7,10,1,18,3,6,8
7,95,3,7,3,1,8,1,20,1,10,7
6,15,2,9,3,1,8,2,19,1,7,7
6,35,2,8,3,1,4,3,4,1,6,7
6,41,1,11,3,1,4,9,1,1,10,6
5,49,2,6,3,3,6,6,10,2,6,7
6,51,1,2,3,7,10,7,11,2,6,7
7,53,3,10,3,1,5,1,1,1,9,7
12,76,2,7,3,1,5,4,6,1,3,7
12,80,3,8,3,1,9,3,1,3,7,6
11,81,5,9,3,1,7,2,19,1,9,7
13,86,1,9,3,1,3,1,25,2,8,4
8,95,4,8,3,7,9,1,4,3,6,7
5,3,2,10,3,1,9,1,19,1,6,7
6,15,2,11,3,1,8,1,24,3,6,2
6,41,3,8,3,1,8,2,1,1,6,6
6,51,1,10,3,1,9,3,6,1,7,7
8,63,1,5,3,1,9,2,18,1,6,8
5,64,3,8,3,1,5,1,13,1,8,7
7,71,3,8,3,8,6,3,13,3,6,7
13,86,3,9,3,1,8,1,1,2,6,6
7,92,4,9,3,1,9,1,3,3,5,7
12,95,4,7,3,7,11,7,15,3,6,7
4,17,2,8,3,1,7,2,3,1,6,7
6,52,3,9,3,1,8,2,11,1,7,7
6,68,1,9,3,1,9,5,6,1,8,7
6,68,3,5,3,1,3,3,11,2,5,8
8,72,4,6,3,1,3,6,3,2,6,7
9,75,1,8,3,1,3,2,12,1,7,7
12,78,3,9,3,1,10,6,19,2,7,7
12,86,4,9,3,7,9,1,20,1,9,6
3,11,2,5,3,1,7,4,4,1,5,7
7,47,3,7,3,8,3,8,6,2,6,8
5,48,3,10,3,7,11,1,1,1,7,6
6,50,2,8,3,7,4,7,15,1,6,7
12,51,3,9,3,1,3,2,10,1,6,7
5,53,2,8,3,1,8,2,20,1,6,7
5,62,3,4,3,1,10,6,1,1,6,7
6,68,1,6,3,1,3,1,3,1,6,7
6,72,4,10,3,7,5,1,18,2,8,7
6,72,4,10,3,7,5,1,18,2,8,7
7,74,6,9,3,8,9,2,4,3,6,7
13,74,3,10,3,7,3,1,18,2,9,6
6,75,2,10,3,1,3,1,1,1,12,6
12,79,5,6,3,1,3,1,4,3,6,7
9,80,6,8,3,1,8,1,18,2,8,6
6,82,3,3,3,7,3,1,17,2,6,7
8,85,1,2,3,1,10,3,18,3,6,7
5,12,4,9,3,3,3,2,6,1,6,7
14,14,4,12,3,7,3,2,13,4,13,1
11,41,1,8,3,8,3,1,10,1,6,7
7,60,3,8,3,3,10,3,10,2,6,7
12,64,3,10,3,1,12,2,13,3,7,7
5,70,4,7,3,1,9,4,10,2,6,7
6,70,1,9,3,7,9,3,9,2,7,7
7,74,3,10,3,8,3,2,28,1,8,6
6,82,1,6,3,7,8,3,6,1,7,7
8,88,2,9,3,8,9,4,18,2,9,7
8,91,3,6,3,1,10,2,12,2,7,7
6,11,2,7,3,1,3,1,4,1,5,4
4,23,2,9,3,1,3,1,19,1,6,7
6,34,1,7,3,7,9,2,3,1,6,8
5,41,1,10,3,1,3,1,4,1,8,7
6,43,2,9,3,8,9,1,6,2,7,7
5,64,4,7,3,1,8,2,6,1,6,7
6,64,4,3,3,1,8,2,13,2,6,7
6,68,2,4,3,1,3,1,1,2,6,7
5,72,5,7,3,1,10,1,1,1,11,7
6,73,4,9,3,1,4,2,1,1,7,6
8,88,3,7,3,1,3,6,20,2,6,7
6,1,2,3,3,1,2,1,3,1,4,8
4,11,2,8,3,1,4,1,1,1,6,7
5,16,2,6,3,1,2,4,19,10,6,4
7,16,1,9,3,1,3,1,4,2,4,8
6,25,3,10,3,1,3,2,13,1,7,7
6,31,3,7,3,8,4,1,3,2,6,8
9,45,1,9,3,1,5,5,8,2,6,7
6,58,2,9,3,7,4,2,19,1,6,7
7,64,3,8,3,7,3,2,6,3,6,7
5,70,4,7,3,7,8,3,13,2,6,8
5,70,4,7,3,7,8,3,13,2,6,8
5,70,4,7,3,7,8,3,13,2,6,8
13,79,3,10,3,6,9,1,22,3,9,5
11,90,4,10,3,7,8,3,1,3,10,6
12,93,5,8,3,1,3,1,13,4,6,7
4,7,3,8,3,1,2,4,18,6,6,7
6,8,3,3,3,4,2,1,3,1,6,3
5,24,2,9,3,1,9,2,3,2,6,7
7,32,2,6,3,1,5,1,4,1,6,7
5,39,3,8,3,6,11,5,13,1,6,7
6,41,5,2,3,3,2,1,4,1,6,7
5,52,2,9,3,7,9,2,6,2,6,7
5,58,3,4,3,1,3,3,1,1,6,7
5,58,3,4,3,1,3,3,1,1,6,7
7,68,5,9,3,1,3,1,13,3,7,7
8,77,4,8,3,4,6,1,21,3,6,6
6,5,1,8,3,1,4,1,18,1,6,3
4,16,2,9,3,1,7,6,13,1,7,7
13,31,1,12,3,9,12,3,21,1,8,6
5,33,3,9,3,6,8,1,1,1,6,7
6,35,2,8,3,1,5,8,1,1,6,7
6,41,1,5,3,1,3,1,3,1,6,7
6,49,2,7,3,8,3,5,3,1,6,7
5,63,4,9,3,1,5,1,3,1,6,7
8,70,3,6,3,1,9,2,8,2,6,7
9,70,3,8,3,7,2,7,4,2,8,7
7,75,3,6,3,1,8,5,19,2,7,7
6,78,3,7,3,1,3,2,1,2,6,7
6,78,3,7,3,3,3,1,8,2,6,7
13,96,5,6,3,3,3,1,3,4,4,7
2,1,2,2,3,1,3,1,18,1,6,7
5,9,3,3,3,1,3,1,4,1,6,3
6,19,4,12,3,9,9,5,1,1,6,5
5,24,2,12,3,9,4,3,16,1,6,6
2,35,3,7,3,1,10,2,4,1,6,7
6,64,5,9,3,1,3,1,3,4,1,7
6,82,7,11,3,1,8,2,20,3,6,7
6,86,3,9,3,1,3,2,10,2,10,7
13,95,4,7,3,1,3,3,19,2,6,7
5,15,3,9,3,7,3,2,4,1,6,7
4,17,5,9,3,7,8,2,6,1,7,7
5,25,3,9,3,8,3,4,3,2,6,7
5,31,3,6,3,1,3,4,19,1,6,7
9,47,2,7,3,1,4,2,13,2,6,7
7,52,4,10,3,1,3,2,19,1,4,7
5,76,2,9,3,1,8,1,27,1,7,7
12,84,5,7,3,1,3,2,9,3,6,7
6,93,4,5,3,9,4,2,3,2,7,8
6,93,4,5,3,9,4,2,3,2,7,8
6,25,2,7,3,1,3,4,3,1,6,7
6,35,3,9,3,1,3,1,16,1,6,7
6,68,3,7,3,1,4,6,1,2,6,7
7,68,5,8,3,1,3,2,13,1,6,7
6,76,2,6,3,1,7,4,3,1,6,7
13,83,3,8,3,1,8,6,18,2,7,7
14,86,6,9,3,1,3,1,13,3,7,7
6,49,3,9,3,7,9,3,1,1,6,6
6,53,3,7,3,1,3,2,13,2,6,7
6,64,3,9,3,7,3,1,13,2,9,7
7,74,3,7,3,3,2,3,8,2,7,7
13,95,6,8,3,8,9,1,3,3,6,8
13,95,6,8,3,8,9,1,3,3,6,8
13,95,6,8,3,8,9,1,3,3,6,8
6,6,2,7,3,1,2,1,3,1,6,3
6,29,4,8,3,1,3,3,3,2,6,7
5,51,3,9,3,1,3,1,1,1,7,7
6,51,2,9,3,1,3,1,19,1,8,3
6,51,2,9,3,1,3,1,19,1,8,3
14,64,5,12,3,1,9,2,19,4,3,5
6,66,4,8,3,1,3,1,11,2,7,7
5,68,4,6,3,1,3,2,6,1,6,7
12,78,1,6,3,1,7,6,1,2,7,7
8,80,6,6,3,1,8,4,11,3,6,7
8,86,3,8,3,1,10,5,6,1,6,7
13,86,4,9,3,1,9,2,3,3,4,7
8,95,5,8,3,7,9,1,3,3,6,7
6,95,6,8,3,1,8,2,3,2,6,7
5,43,2,5,3,1,3,3,3,1,6,7
6,45,1,6,3,1,3,1,13,1,6,7
5,51,4,7,3,1,3,2,13,1,6,7
6,60,3,5,3,1,3,2,4,3,6,7
5,60,3,7,3,1,8,2,4,1,6,7
5,66,2,7,3,1,3,1,3,1,6,7
8,72,2,8,3,1,3,1,6,1,6,7
7,74,3,5,3,3,3,1,17,1,7,7
9,78,4,6,3,1,8,5,6,2,6,7
7,80,3,9,3,1,9,2,18,2,10,7
9,86,4,4,3,1,9,1,12,2,7,7
7,92,3,6,3,1,7,2,6,2,6,7
14,95,4,8,3,7,10,1,1,2,10,6
13,96,5,8,3,1,3,1,4,3,6,7
4,7,2,9,3,1,7,4,4,1,6,8
14,17,3,8,3,6,3,4,4,3,6,7
5,29,1,10,3,1,9,1,1,1,5,7
5,29,1,10,3,1,9,1,1,1,5,7
6,37,1,7,3,7,3,1,4,1,6,7
6,60,2,8,3,1,3,8,4,2,6,7
7,65,5,9,3,1,4,1,4,2,7,7
6,72,2,8,3,1,9,4,4,2,8,7
6,74,3,10,3,7,8,3,19,1,7,7
6,95,3,5,3,1,3,5,18,2,7,7
5,5,3,10,3,1,3,3,2,1,6,7
5,43,5,1,3,9,8,2,13,2,6,7
5,43,5,1,3,9,8,2,13,2,6,7
5,57,2,4,3,1,5,1,4,2,6,7
7,58,4,8,3,7,7,1,6,3,6,7
12,75,2,9,3,1,7,1,1,1,8,7
12,76,5,9,3,1,8,1,19,3,12,2
9,80,3,8,3,1,9,2,27,2,8,7
12,85,5,8,3,7,3,1,3,3,6,7
7,90,3,5,3,1,8,2,1,2,6,7
6,35,3,9,4,1,10,2,10,1,6,7
7,58,2,8,4,9,3,1,11,2,6,7
7,70,3,6,4,7,8,9,6,2,6,7
7,78,2,4,4,1,8,3,24,2,6,7
6,87,4,7,4,1,5,2,6,2,7,7
8,92,4,5,4,1,4,1,3,3,6,7
4,1,2,8,4,5,3,3,11,1,6,7
12,50,2,10,4,1,3,1,25,3,8,2
13,55,2,9,4,1,4,2,12,1,6,6
7,62,3,7,4,1,4,3,11,3,6,7
6,68,2,8,4,1,3,2,6,1,7,7
7,74,2,6,4,3,14,2,3,2,6,7
8,76,2,9,4,1,9,6,1,1,10,7
8,82,4,10,4,7,9,3,25,1,10,7
13,82,2,8,4,1,8,2,8,2,7,7
5,15,3,9,4,9,3,1,1,1,6,4
6,35,2,6,4,1,9,2,1,2,6,7
6,41,3,7,4,1,3,3,10,1,6,7
7,78,4,8,4,1,10,1,6,2,7,7
13,94,5,6,4,9,3,4,8,3,6,7
4,6,3,12,4,8,10,1,27,1,6,4
6,7,3,9,4,1,3,2,16,2,6,7
13,41,3,9,4,8,8,3,25,3,6,4
7,70,2,8,4,7,11,1,13,2,7,7
9,70,2,7,4,7,8,3,13,1,6,8
6,76,2,10,4,1,9,6,13,1,6,7
9,78,2,7,4,1,4,6,19,2,6,7
11,80,1,9,4,1,7,3,18,1,6,7
13,82,4,8,4,6,8,2,13,2,6,7
6,17,1,10,4,1,3,4,1,1,6,7
10,53,3,13,4,9,8,1,25,1,12,4
7,58,2,10,4,1,8,4,19,2,7,7
9,69,2,8,4,6,9,3,13,1,6,7
6,71,3,1,4,1,3,1,8,2,7,7
6,76,3,7,4,1,7,1,18,2,5,7
8,87,4,6,4,5,4,1,1,1,7,7
7,93,3,9,4,1,8,2,1,1,11,7
5,25,2,9,4,1,4,1,20,1,6,7
5,51,2,8,4,8,8,2,6,1,6,8
6,58,3,7,4,1,4,2,10,1,7,7
6,58,3,7,4,1,4,2,10,1,7,7
7,60,2,7,4,1,3,1,13,1,6,7
8,64,2,7,4,1,3,2,11,2,7,7
5,69,3,10,4,8,3,3,19,2,6,6
7,70,3,9,4,1,9,1,3,3,6,7
6,81,4,6,4,6,8,2,20,1,8,7
12,89,3,9,4,1,8,1,19,2,9,7
11,90,3,8,4,1,10,2,6,2,8,7
14,90,5,9,4,1,8,1,15,2,6,6
5,91,3,6,4,7,9,5,4,2,6,7
14,95,3,7,4,1,4,1,22,3,6,7
5,7,3,7,4,1,8,6,4,1,6,7
12,41,1,12,4,8,9,1,1,1,7,7
9,80,4,5,4,7,4,6,11,3,7,7
12,81,3,8,4,1,8,1,4,2,7,7
8,82,5,6,4,1,8,1,8,2,7,7
6,35,2,8,4,1,3,1,3,2,6,8
2,41,3,7,4,1,9,1,13,1,6,7
2,63,2,11,4,10,10,1,19,2,7,7
7,68,1,7,4,1,9,1,11,1,6,8
8,68,4,12,4,7,9,3,13,1,9,6
12,74,3,8,4,7,8,3,4,2,6,8
14,83,3,8,4,1,3,1,25,2,8,6
7,43,5,4,4,1,8,2,20,2,6,7
7,43,5,4,4,1,8,2,20,2,6,7
5,60,4,8,4,7,9,1,20,2,7,8
7,63,3,8,4,1,11,2,1,1,6,7
5,73,5,3,4,1,8,2,4,2,4,7
6,79,2,6,4,1,7,1,5,2,6,7
12,85,6,6,4,1,10,4,7,3,6,7
8,86,3,5,4,1,5,2,13,3,6,7
6,6,2,10,4,3,4,2,13,1,9,7
6,17,2,8,4,7,8,2,4,1,6,7
5,29,2,10,4,6,8,3,1,1,6,6
13,86,1,7,4,7,10,5,18,2,6,7
14,94,5,8,4,5,12,3,15,3,6,7
5,19,1,3,4,8,11,8,1,1,6,7
5,23,3,9,4,8,3,4,4,1,6,8
6,51,2,8,4,1,5,2,3,1,6,7
7,53,2,9,4,10,3,4,19,3,7,7
5,58,4,9,4,8,3,2,1,2,6,4
7,64,4,7,4,1,9,1,4,1,6,7
6,68,3,4,4,7,2,2,18,2,6,7
6,74,3,6,4,1,10,2,10,1,6,7
13,78,3,9,4,7,4,1,8,3,7,7
13,86,7,9,4,1,3,1,18,3,5,7
8,91,4,6,4,1,3,1,20,1,7,7
13,92,2,6,4,1,9,8,10,2,6,7
4,5,2,9,4,1,3,2,4,1,6,7
6,10,3,12,4,7,2,3,1,5,7,1
5,38,2,10,4,1,3,3,13,2,6,7
8,45,4,9,4,6,10,4,6,3,6,7
6,49,3,7,4,1,3,3,3,2,6,7
6,53,1,9,4,1,7,6,1,1,6,7
8,60,1,9,4,1,15,6,18,2,6,7
5,64,3,6,4,1,9,2,3,2,6,7
8,70,3,10,4,7,11,1,1,1,10,4
14,84,4,9,4,1,3,1,4,3,5,7
8,90,3,6,4,1,4,1,1,3,7,7
12,91,5,6,4,1,8,1,19,2,6,7
8,94,5,6,4,7,8,4,13,2,7,8
5,31,2,8,4,1,3,6,13,1,4,7
5,51,4,9,4,1,3,5,1,2,7,7
7,17,2,3,4,8,5,1,3,2,6,7
6,31,3,7,4,7,8,1,6,2,6,7
13,33,3,9,4,7,3,1,18,3,6,3
5,53,1,8,4,1,7,8,20,1,6,7
4,66,3,7,4,3,3,3,1,1,6,7
12,75,3,6,4,1,7,2,18,2,6,7
8,90,3,7,4,9,7,1,11,3,6,7
12,95,1,2,4,1,3,4,19,2,7,6
7,51,3,7,4,1,3,1,3,2,6,7
8,62,3,8,4,8,3,1,19,2,7,7
6,64,2,6,4,1,5,4,8,1,6,7
8,72,2,9,4,1,3,2,5,1,6,6
7,95,4,4,4,1,3,2,3,3,5,7
6,95,3,6,4,8,9,5,18,2,8,8
6,16,4,9,4,1,7,3,18,1,6,7
6,31,3,4,4,7,2,2,3,2,6,8
2,37,2,10,4,7,8,1,3,1,7,7
6,43,4,11,4,9,9,1,1,3,6,4
12,49,4,12,4,9,8,1,19,1,9,4
8,73,3,9,4,1,8,1,28,1,7,7
7,80,6,7,4,1,9,1,20,1,7,7
7,82,2,5,4,1,9,3,22,2,7,7
15,84,3,9,4,7,8,1,20,2,10,6
13,92,5,8,4,1,8,1,1,2,8,7
13,96,4,7,4,5,11,3,15,3,6,7
5,29,1,3,4,1,3,1,3,1,6,7
7,45,3,9,4,1,3,1,13,2,5,8
14,68,2,10,4,7,3,1,25,2,8,4
15,72,5,12,4,8,6,1,4,4,2,5
12,75,2,6,4,6,11,9,1,2,7,7
6,77,4,7,4,3,2,7,1,2,7,7
13,78,4,12,4,9,9,1,1,1,12,7
13,88,2,10,4,1,8,5,1,2,7,7
11,97,3,6,4,5,14,1,18,3,6,7
13,69,3,8,4,7,11,3,19,2,6,7
13,69,3,8,4,7,11,3,19,2,6,7
13,69,3,8,4,7,11,3,19,2,6,7
7,81,3,10,4,1,5,2,18,1,8,7
12,88,3,8,4,1,8,3,18,1,7,7
5,33,2,9,4,1,9,1,19,1,7,7
7,86,5,9,4,7,4,2,1,3,6,7
14,90,5,9,4,1,3,1,13,3,6,7
6,94,3,6,4,1,3,1,13,3,7,7
6,94,3,6,4,1,3,1,13,3,7,7
4,97,4,8,4,7,8,1,1,4,6,7
4,1,1,9,4,1,2,2,13,1,4,7
6,31,3,5,4,7,3,1,3,1,6,8
8,76,3,7,4,7,3,2,8,3,6,7
2,78,4,7,4,8,9,1,13,2,7,7
8,31,2,7,4,1,4,1,13,1,6,7
4,35,2,9,4,1,3,1,13,1,6,7
5,43,5,8,4,3,8,1,14,1,6,7
6,47,3,6,4,1,3,2,7,1,5,7
6,51,4,9,4,1,10,5,19,1,6,7
5,58,3,6,4,6,7,2,4,1,6,7
6,70,2,6,4,1,3,1,10,1,6,7
6,77,3,8,4,1,8,1,19,2,7,7
10,82,2,9,4,1,10,2,18,2,6,7
8,84,5,8,4,1,9,1,4,3,6,7
12,95,4,10,4,1,8,2,19,1,10,7
5,31,4,9,4,3,4,1,6,1,6,7
6,35,3,8,4,1,3,3,3,2,6,8
5,36,2,7,4,1,4,2,4,1,5,7
8,51,5,8,4,1,6,2,4,2,6,7
12,51,2,8,4,1,4,1,4,2,6,7
12,51,2,8,4,1,4,1,4,2,6,7
8,70,2,7,4,7,3,3,19,2,6,7
12,79,2,7,4,1,8,3,3,2,6,7
13,82,3,6,4,7,8,1,19,2,8,7
14,87,2,8,4,1,9,2,18,2,6,7
14,90,5,11,4,1,9,3,19,4,4,7
12,92,4,9,4,1,3,2,11,3,6,7
14,95,5,7,4,1,5,1,1,2,12,7
5,25,3,7,4,1,11,6,19,1,6,7
5,47,3,8,4,1,8,3,4,1,6,7
6,48,3,8,4,7,7,4,1,2,6,7
5,51,1,10,4,1,7,1,1,1,7,7
7,58,3,13,4,8,9,4,27,1,10,4
6,67,4,8,4,6,3,2,4,1,9,7
7,93,3,9,4,1,3,1,20,1,8,6
12,94,4,9,4,6,9,2,20,1,9,7
5,1,3,9,4,1,1,3,18,3,6,7
2,1,5,9,4,1,4,4,3,5,6,7
6,68,3,7,4,1,11,2,22,1,6,7
7,71,3,8,4,1,3,1,4,2,6,7
13,77,4,10,4,5,5,1,9,3,6,7
13,92,5,9,4,1,8,1,18,3,8,7
6,69,4,5,4,7,9,1,3,2,7,8
13,75,3,11,4,7,11,1,25,2,9,7
14,79,3,7,4,1,3,3,13,2,6,7
12,96,4,7,4,1,6,1,6,3,6,7
5,25,2,9,4,1,3,1,3,1,6,7
5,39,2,9,4,1,8,1,1,1,7,7
7,47,3,9,4,7,3,3,8,1,6,7
11,57,2,7,4,1,3,6,1,1,7,6
6,64,5,4,4,1,3,1,4,2,6,7
6,68,3,7,4,1,4,2,4,1,6,7
7,70,2,8,4,1,11,2,16,2,6,7
6,17,3,7,4,7,3,1,8,1,6,7
6,43,1,7,4,1,10,1,19,1,4,7
6,57,4,8,4,7,8,2,11,1,6,7
6,64,3,6,4,1,3,3,13,2,6,7
7,71,2,7,4,7,10,7,6,1,7,7
7,78,4,7,4,1,4,1,20,2,7,7
12,80,2,10,4,1,3,1,20,1,7,4
12,80,2,10,4,1,3,1,20,1,7,4
8,90,6,9,4,7,9,6,16,2,8,8
12,95,5,9,4,7,5,3,6,3,6,7
5,9,3,10,4,8,2,2,13,1,6,7
5,41,2,9,4,1,5,1,13,1,7,7
6,45,3,8,4,6,6,2,21,1,8,7
5,66,4,7,4,7,3,1,18,1,7,7
15,67,4,12,4,7,8,1,4,3,8,3
6,76,4,8,4,8,4,2,7,2,7,7
6,82,5,7,4,1,8,3,3,3,6,7
5,31,4,9,4,1,9,1,1,2,7,7
6,35,3,7,4,1,15,1,8,1,6,7
7,41,3,7,4,9,4,1,8,2,6,8
14,49,3,12,4,9,3,1,1,3,7,3
6,78,5,7,4,1,11,3,6,1,6,7
7,79,5,9,4,1,3,1,21,1,7,7
9,85,5,9,4,1,12,4,19,1,10,7
8,90,3,8,4,1,3,1,8,3,6,7
11,90,2,6,4,1,8,1,18,2,7,7
13,91,4,7,4,1,3,1,19,2,6,7
12,94,2,8,4,1,9,1,1,2,7,7
5,58,3,9,4,1,9,1,1,2,7,7
6,58,2,13,4,11,8,1,1,1,9,5
14,67,4,8,4,1,11,2,13,2,6,7
8,78,3,6,4,1,4,2,17,1,6,7
12,95,4,6,4,1,8,2,13,2,6,7
7,77,2,6,4,8,9,9,1,2,7,7
12,91,3,10,4,7,4,1,1,1,10,7
5,51,1,10,4,1,3,1,19,2,8,7
6,70,1,5,4,1,3,3,6,1,6,7
11,72,5,6,4,1,9,1,4,3,6,7
13,76,2,11,4,9,7,1,13,2,7,7
8,89,3,11,4,1,3,1,22,2,10,7
5,23,1,7,4,1,3,1,1,1,6,7
5,41,1,10,4,1,10,1,1,1,6,7
8,76,2,10,4,8,8,2,13,2,7,7
8,85,4,6,4,1,4,4,5,2,6,7
6,90,3,7,4,8,8,1,4,2,6,8
14,91,4,7,4,1,8,6,16,2,8,7
6,17,2,9,4,7,2,1,8,1,6,8
12,31,3,7,4,6,7,1,8,2,6,7
6,53,4,8,4,7,11,2,4,1,6,7
7,69,3,6,4,1,8,3,1,1,6,7
8,70,3,9,4,1,10,2,19,1,9,7
12,92,4,8,4,8,8,3,9,3,6,7
7,65,2,7,4,9,11,5,1,1,6,8
8,68,2,9,4,1,4,2,1,2,6,7
7,74,4,10,4,9,4,1,1,1,10,8
12,86,2,8,4,8,8,2,18,2,7,7
6,9,3,10,4,1,3,4,1,1,6,7
5,33,4,3,4,1,3,2,6,1,5,7
13,77,2,12,4,9,3,1,22,2,8,7
6,86,3,6,4,1,2,5,18,2,7,7
15,96,6,9,4,1,3,2,10,3,6,7
5,1,2,8,4,7,10,2,6,2,6,7
6,31,4,10,4,7,8,7,1,1,8,7
8,74,5,9,4,1,3,2,18,1,6,7
6,76,3,8,4,1,7,1,6,2,6,7
14,92,5,8,4,1,13,1,20,3,6,7
6,35,2,9,4,1,11,1,13,1,6,7
7,70,3,6,4,1,9,2,19,1,6,7
9,72,3,10,4,8,8,2,1,2,6,7
7,93,4,8,4,1,9,1,13,2,8,7
4,4,1,9,4,1,10,3,4,1,6,7
12,19,2,13,4,9,10,2,1,1,11,2
5,41,1,6,4,9,3,4,20,1,6,7
4,43,2,8,4,1,3,2,1,1,7,7
6,68,2,7,4,6,3,1,16,1,7,7
6,68,3,9,4,1,11,2,13,1,7,7
6,68,3,9,4,1,11,2,13,1,7,7
12,68,3,9,4,1,9,1,8,2,6,7
6,73,3,6,4,8,11,4,18,1,6,7
14,83,3,8,4,1,3,1,1,2,6,7
12,91,4,9,4,9,2,1,4,4,6,8
6,95,3,6,4,8,10,3,13,2,6,7
13,95,7,7,4,5,8,3,15,2,6,7
8,70,3,10,4,1,5,1,13,2,11,7
7,75,3,10,4,7,3,2,22,2,8,7
6,81,3,11,4,1,9,2,1,1,11,7
8,86,4,8,4,1,9,2,19,1,8,7
8,31,2,7,4,1,3,1,13,1,7,7
5,51,4,8,4,1,2,4,16,2,6,7
5,64,3,8,4,1,3,9,1,1,7,7
7,74,3,8,4,1,3,1,28,1,10,4
14,93,2,12,4,7,3,1,1,1,10,4
13,95,5,9,4,8,10,1,3,3,6,8
5,10,2,11,4,7,2,1,1,1,4,7
6,31,3,9,4,3,8,7,19,2,6,7
7,55,2,8,4,1,3,2,8,1,6,7
6,62,3,7,4,7,3,1,19,2,7,7
6,68,4,5,4,7,3,1,19,2,6,7
6,70,2,8,4,7,10,2,11,2,7,7
7,70,4,3,4,1,4,1,4,1,6,7
7,78,4,7,4,1,7,1,16,2,7,7
14,95,4,9,4,8,3,1,4,3,6,7
6,5,2,9,4,6,4,1,1,1,6,3
6,5,2,9,4,6,4,1,1,1,6,3
6,60,2,9,4,7,10,3,1,1,6,7
6,70,3,8,4,1,2,1,6,2,6,7
9,70,2,6,4,1,2,5,1,1,7,7
6,78,4,7,4,9,7,4,11,2,8,7
15,78,5,11,4,1,2,2,10,3,6,7
6,92,5,2,4,1,3,1,4,2,5,7
6,10,4,11,4,7,3,4,13,7,6,1
6,58,5,8,4,1,8,2,4,2,6,7
8,72,3,9,4,8,10,4,4,3,6,7
8,78,2,6,4,8,9,2,20,2,9,7
12,78,3,11,4,8,4,2,20,3,6,6
5,51,4,7,4,1,10,4,18,1,7,8
5,53,3,9,4,6,7,3,18,2,6,7
6,55,2,9,4,6,8,1,13,1,7,7
7,58,3,9,4,9,8,2,4,2,7,8
12,64,2,9,4,9,9,1,4,2,6,7
8,69,4,9,4,7,2,2,13,2,6,7
1,4,3,8,4,1,3,2,6,1,6,7
12,25,2,13,4,9,8,2,27,1,11,5
15,32,2,11,4,9,3,1,25,3,7,3
8,70,2,9,4,1,10,3,4,1,6,7
6,75,2,8,4,7,10,3,8,1,7,7
11,86,3,8,4,1,5,4,13,2,7,7
5,19,4,9,4,8,11,2,6,2,6,7
8,35,5,8,4,7,2,1,3,1,6,7
7,37,2,9,4,1,3,1,19,1,4,7
11,67,4,12,4,9,9,1,28,1,8,5
9,70,3,10,4,9,8,1,18,2,8,7
8,74,3,10,4,8,9,1,19,1,7,7
2,21,3,9,4,1,8,1,4,1,6,7
7,41,3,10,4,7,4,2,19,1,6,4
5,45,3,9,4,6,3,3,1,1,6,7
5,47,1,9,4,1,11,2,20,2,7,7
6,60,2,9,4,7,11,1,18,1,6,7
6,60,2,9,4,7,11,1,18,1,6,7
12,60,2,9,4,1,7,2,1,1,8,7
5,64,4,8,4,1,4,3,9,1,7,7
8,64,2,9,4,1,3,2,20,1,7,7
5,41,2,9,4,7,3,2,24,2,6,7
6,64,3,7,4,1,8,1,26,2,6,7
9,68,1,6,4,10,8,2,12,2,6,7
8,77,5,8,4,9,5,5,3,3,6,8
8,77,5,8,4,9,5,5,3,3,6,8
8,97,3,8,4,9,13,2,4,3,7,8
6,97,4,7,4,9,9,3,6,2,8,7
6,64,3,8,4,8,10,1,19,1,7,7
7,78,5,9,4,7,3,4,3,3,6,7
14,82,3,12,4,8,11,3,25,1,11,6
12,84,6,8,4,1,3,8,13,3,7,7
14,97,6,8,4,1,3,3,3,3,6,7
7,2,1,9,4,1,4,1,11,3,6,7
5,9,3,9,4,7,7,2,6,1,6,7
6,17,3,4,4,7,3,1,6,1,6,7
6,41,1,4,4,5,3,1,1,1,7,7
6,41,1,4,4,5,3,1,1,1,7,7
8,49,4,7,4,1,14,1,3,1,6,7
7,52,2,10,4,1,8,2,1,1,6,7
12,97,1,9,4,1,9,3,18,1,12,7
4,31,3,9,4,8,9,2,4,1,6,7
6,31,3,3,4,7,4,1,4,2,6,7
5,37,3,10,4,7,4,1,1,1,6,4
5,41,2,9,4,10,9,1,11,2,6,7
13,63,2,8,4,9,8,7,1,2,7,8
8,70,1,5,4,1,15,1,13,1,4,7
14,90,3,10,4,8,8,2,1,2,10,7
9,92,3,3,4,1,4,5,13,1,10,7
8,40,3,6,4,9,11,4,3,1,7,8
6,52,3,9,4,1,4,5,13,1,7,7
8,62,2,8,4,9,10,3,18,2,6,7
5,64,4,8,4,1,10,1,1,2,10,7
12,88,6,9,4,1,3,3,4,3,6,7
5,23,3,7,4,1,3,3,13,1,6,7
8,32,2,10,4,7,4,1,19,3,7,3
8,32,2,10,4,7,4,1,19,3,7,3
5,41,3,10,4,1,9,3,22,1,6,7
8,45,3,9,4,9,8,5,4,2,7,7
15,47,4,13,4,8,8,1,21,3,8,3
4,53,3,7,4,1,9,1,24,1,6,7
13,72,3,9,4,1,3,1,18,2,7,7
12,73,3,10,4,1,3,1,1,1,12,7
6,78,4,4,4,5,9,2,19,2,6,7
7,84,3,7,4,1,3,1,1,1,7,6
7,60,2,8,4,1,3,1,1,2,5,7
4,62,3,7,4,7,10,2,19,1,8,7
6,66,2,8,4,7,7,2,19,1,6,7
5,68,4,7,4,8,10,1,13,1,7,7
6,69,1,11,4,7,3,2,1,1,12,7
5,70,5,6,4,1,3,1,14,1,7,8
13,70,3,8,4,7,9,2,11,2,6,7
8,75,4,8,4,1,8,2,1,1,7,7
7,5,1,3,4,7,3,1,3,1,4,7
2,7,2,7,4,8,3,1,8,1,6,7
3,37,3,7,4,1,3,1,14,1,6,7
5,62,3,6,4,10,4,1,4,2,6,8
8,67,3,7,4,1,3,2,20,1,6,7
6,78,5,6,4,8,3,1,13,2,5,7
13,95,4,9,4,1,8,2,18,2,7,7
12,96,5,9,4,1,9,1,7,3,6,7
4,33,4,7,4,1,8,3,19,1,6,7
5,35,3,10,4,8,10,2,4,2,6,7
7,58,3,10,4,1,12,2,19,3,6,7
6,60,3,5,4,1,4,1,13,1,6,7
6,74,1,4,4,9,9,5,1,2,6,8
12,86,3,10,4,1,8,1,1,1,7,7
14,97,5,8,4,1,4,3,4,3,6,7
5,68,3,7,4,1,10,4,1,1,6,7
15,97,5,7,4,1,4,3,6,3,6,7
5,17,4,5,4,1,3,1,3,2,5,7
7,74,2,6,4,7,3,1,9,2,6,7
12,93,5,9,4,6,3,1,7,4,6,7
12,97,3,7,4,7,3,5,13,3,7,7
7,35,2,8,4,9,3,1,13,1,6,7
9,58,4,11,4,7,3,1,27,1,9,7
7,88,2,9,4,1,3,2,18,2,10,7
5,41,2,9,4,7,3,2,1,2,7,7
4,43,2,8,4,1,7,4,13,1,7,7
6,72,3,8,4,1,10,5,19,1,7,7
9,72,4,10,4,1,9,3,1,1,8,7
7,84,2,8,4,1,7,2,1,1,10,7
13,92,4,6,4,1,3,1,25,2,7,7
13,92,4,6,4,1,3,1,25,2,7,7
4,4,3,9,4,7,2,1,13,1,6,7
5,17,3,9,4,7,7,2,1,2,6,7
5,25,3,9,4,7,3,3,13,2,6,7
5,51,3,9,4,1,10,1,13,1,8,7
6,58,2,2,4,1,5,1,13,2,6,7
9,76,3,7,4,1,3,2,13,2,6,7
6,78,3,7,4,7,4,7,11,2,7,7
7,95,4,7,4,7,11,3,3,2,7,8
13,95,4,8,4,1,3,1,18,2,8,7
8,97,4,6,4,1,14,1,18,2,6,7
3,15,1,9,4,7,8,3,18,1,7,7
5,28,5,9,4,1,11,1,1,1,6,7
9,60,3,9,4,1,8,4,18,1,7,7
6,64,2,7,4,7,4,3,11,1,8,7
5,86,2,7,4,1,3,3,12,2,6,7
5,25,1,7,4,1,3,1,4,1,6,7
8,51,3,8,4,1,3,1,18,2,7,7
8,62,2,12,4,8,11,1,19,1,8,4
6,64,2,9,4,1,3,6,19,1,6,7
5,68,4,6,4,7,3,4,19,1,6,7
5,68,4,6,4,7,3,4,19,1,6,7
9,73,3,9,4,1,9,1,28,1,7,7
6,89,5,7,4,1,10,3,1,2,7,7
13,91,4,8,4,7,9,1,4,3,6,7
8,92,2,10,4,1,11,4,27,1,12,7
13,95,5,8,4,1,9,3,18,2,8,7
13,95,5,9,4,7,11,4,11,3,6,7
4,9,4,5,4,7,5,2,1,1,6,7
5,16,1,12,4,9,3,1,1,1,6,7
14,47,2,12,4,7,8,2,25,3,7,3
8,64,3,7,4,1,9,3,8,2,6,7
15,70,3,11,4,7,9,1,1,2,6,7
7,82,3,9,4,1,5,2,19,1,6,7
7,87,4,8,4,8,9,7,4,2,7,7
6,3,5,6,4,1,2,2,3,1,3,7
6,15,2,6,4,1,2,1,6,1,6,3
6,70,3,8,4,1,3,1,13,1,6,7
8,70,4,8,4,1,6,5,4,2,6,7
8,82,3,11,4,8,8,1,25,2,7,7
8,96,4,7,4,7,8,1,18,3,6,7
6,43,4,10,5,7,4,4,13,2,6,7
6,43,4,10,5,7,4,4,13,2,6,7
6,74,4,8,5,7,9,3,13,1,7,8
8,84,3,7,5,1,4,6,19,2,6,7
7,69,2,7,5,7,3,4,12,1,7,7
14,95,3,7,5,1,8,1,20,2,7,7
2,4,1,8,5,1,4,1,18,1,6,7
3,9,3,9,5,8,4,1,20,1,6,7
7,41,3,8,5,7,8,2,4,2,7,7
7,41,3,8,5,7,8,2,4,2,7,7
7,68,2,8,5,9,9,3,11,1,6,7
13,75,4,7,5,7,10,2,6,2,6,7
6,82,3,9,5,1,10,2,1,1,8,7
8,88,4,7,5,1,9,1,18,2,6,7
12,88,2,9,5,1,11,4,1,2,7,7
6,21,2,10,5,1,9,1,20,1,6,7
10,45,3,10,5,8,3,1,19,2,6,7
6,68,4,10,5,9,7,1,20,2,8,7
13,84,3,10,5,1,8,2,19,2,6,7
13,95,4,8,5,8,9,1,20,2,7,7
7,95,5,9,5,1,9,2,1,1,12,7
13,90,5,9,5,8,8,1,13,4,6,7
13,97,4,9,5,1,11,1,1,3,6,7
6,41,3,8,5,1,4,1,4,1,7,7
6,41,3,8,5,1,4,1,4,1,7,7
6,49,2,10,5,1,9,1,1,1,4,7
8,68,2,9,5,10,10,3,18,2,7,8
7,80,3,7,5,8,10,4,19,2,6,7
12,82,3,8,5,1,3,1,19,2,8,7
4,1,3,9,5,8,3,2,13,2,6,7
6,6,3,7,5,1,3,1,6,1,5,3
6,37,3,10,5,1,3,3,1,1,7,7
5,41,1,8,5,7,8,2,21,1,6,7
11,41,2,9,5,7,3,1,1,1,6,6
6,59,3,8,5,1,4,2,1,2,8,7
6,64,3,7,5,8,5,1,18,1,7,7
8,79,3,7,5,1,8,1,1,2,8,7
7,81,4,9,5,1,3,2,1,2,8,7
8,82,3,8,5,8,6,2,4,1,6,7
6,64,3,7,5,7,4,1,4,1,6,7
9,96,5,10,5,1,3,2,20,2,9,7
4,52,3,10,5,7,9,1,1,1,7,7
8,58,2,7,5,8,9,2,19,1,6,7
6,74,5,8,5,1,7,1,20,1,7,7
8,92,2,7,5,8,8,1,19,2,6,7
8,92,2,7,5,8,8,1,19,2,6,7
7,77,1,7,5,8,5,3,15,2,7,7
13,95,6,8,5,7,5,1,6,3,6,7
6,57,2,8,5,1,2,7,1,1,6,7
10,76,4,7,5,1,11,3,15,2,6,7
8,78,4,6,5,1,3,1,19,2,6,7
4,17,1,9,5,1,3,1,18,2,6,7
7,17,1,3,5,8,3,1,4,1,6,7
6,52,4,8,5,1,8,2,1,1,6,7
6,68,3,8,5,8,9,1,16,2,6,7
12,97,4,8,5,9,9,3,18,2,6,8
12,97,4,8,5,9,9,3,18,2,6,8
5,41,2,12,5,9,11,2,1,1,7,6
7,70,4,9,5,7,3,2,27,1,8,7
12,78,3,11,5,1,8,2,18,2,7,7
8,79,3,8,5,8,3,1,6,2,8,8
9,15,2,8,5,1,4,1,13,1,6,7
4,41,4,8,5,1,6,1,1,1,7,7
9,48,3,12,5,8,4,2,1,1,10,4
6,75,3,10,5,1,9,1,1,1,12,7
15,95,5,11,5,1,8,1,1,4,6,7
13,97,4,6,5,1,10,5,16,2,7,7
12,17,1,6,5,8,3,1,4,1,6,7
5,49,3,11,5,6,3,1,27,1,9,7
5,58,4,9,5,1,8,1,1,1,6,7
5,60,2,10,5,6,8,1,13,1,9,7
13,64,2,9,5,1,8,3,1,1,8,7
8,97,3,7,5,1,9,3,13,2,7,7
4,9,4,9,5,7,3,4,3,2,6,7
5,14,4,10,5,1,3,1,1,10,1,4
5,31,1,6,5,1,4,1,1,1,6,7
6,49,2,10,5,10,3,2,4,2,8,7
6,70,3,8,5,7,10,1,13,1,6,7
9,70,3,9,5,7,8,3,1,2,7,7
12,93,4,10,5,1,8,1,25,2,10,7
8,51,3,9,5,1,3,1,13,2,6,7
8,51,3,9,5,1,3,1,13,2,6,7
6,62,4,8,5,7,8,1,8,1,7,7
8,64,3,9,5,1,8,2,11,1,7,7
6,69,4,10,5,7,7,2,19,2,7,7
8,89,4,6,5,9,10,1,1,2,6,8
4,11,3,6,5,8,11,1,1,1,6,7
9,91,1,7,5,8,7,1,13,1,5,7
6,6,1,10,5,7,11,2,1,10,6,3
6,6,1,10,5,7,11,2,1,10,6,3
2,27,2,6,5,8,3,3,3,2,6,8
12,51,1,10,5,1,9,3,11,1,7,7
13,88,4,9,5,9,11,3,18,3,6,7
14,95,5,9,5,1,4,1,19,4,7,7
12,95,4,9,5,8,9,1,6,3,6,7
6,96,3,6,5,8,9,5,19,3,7,8
6,96,3,6,5,8,9,5,19,3,7,8
6,96,3,6,5,8,9,5,19,3,7,8
6,95,5,9,5,1,10,2,1,2,8,7
6,95,5,9,5,1,10,2,1,2,8,7
13,95,5,9,5,9,11,4,3,3,6,7
6,51,2,9,5,1,3,4,13,1,7,7
5,64,3,8,5,7,10,3,13,1,6,7
6,71,3,8,5,7,2,6,4,2,6,7
6,86,3,7,5,1,9,6,10,2,6,7
13,98,4,8,5,1,9,5,10,3,10,7
5,31,3,8,5,1,9,3,6,1,6,7
6,74,3,9,5,1,8,7,1,1,7,7
6,64,1,7,5,7,10,5,4,2,6,7
5,70,4,8,5,1,7,2,1,2,7,7
5,12,3,9,5,7,3,5,12,1,6,7
5,23,2,9,5,1,4,1,1,1,6,7
14,63,3,10,5,9,3,1,13,2,8,7
8,65,2,12,5,8,9,2,1,1,13,2
12,78,4,8,5,1,7,1,1,2,6,7
5,82,5,6,5,7,10,2,1,1,8,8
7,82,5,7,5,9,5,2,4,2,6,7
7,25,2,9,5,8,9,2,11,2,6,7
12,95,4,6,5,1,8,4,13,3,6,7
6,29,2,11,5,1,3,2,21,2,7,7
6,64,7,9,5,7,3,1,4,2,3,7
12,94,3,7,5,9,9,1,13,2,7,8
9,11,1,6,5,7,3,1,4,1,6,7
7,39,2,7,5,8,3,1,4,2,6,7
7,39,2,7,5,8,3,1,4,2,6,7
7,41,2,6,5,1,8,1,8,1,6,7
6,76,4,10,5,7,8,1,27,1,9,7
11,95,5,5,5,1,7,3,19,2,7,7
7,15,1,10,5,8,10,1,1,1,6,7
5,31,5,8,5,8,7,3,7,1,6,7
7,41,1,8,5,1,4,1,16,1,6,7
5,60,3,8,5,9,3,2,13,1,6,7
7,69,2,8,5,7,3,7,4,1,6,7
8,79,5,8,5,8,9,2,13,1,6,7
6,81,3,6,5,7,3,5,10,1,6,7
6,81,3,6,5,7,3,5,10,1,6,7
12,86,3,8,5,1,11,2,11,2,6,7
12,92,3,8,5,7,9,3,18,2,7,7
13,93,3,12,5,8,6,1,1,1,11,7
14,95,5,10,5,6,8,1,6,3,6,7
6,69,4,7,5,8,9,2,12,2,7,7
7,70,6,10,5,1,12,2,25,3,3,7
8,92,3,8,5,1,9,2,25,1,6,7
11,94,2,10,5,1,10,1,27,2,11,7
12,95,2,6,5,1,3,1,1,2,9,7
7,60,3,8,5,1,7,2,1,1,6,8
11,64,2,11,5,7,10,2,27,2,8,7
8,84,4,9,5,1,12,2,1,1,6,7
8,84,4,9,5,1,8,1,1,2,7,7
6,5,4,4,5,8,3,1,3,1,5,7
6,5,3,6,5,7,3,1,3,1,4,7
7,25,2,11,5,7,7,2,4,1,6,7
5,31,2,7,5,1,6,3,19,1,6,7
8,58,4,8,5,1,10,4,13,1,6,7
6,64,4,7,5,1,3,1,18,2,6,7
13,71,3,8,5,8,4,7,13,1,7,7
5,4,3,9,5,9,3,1,19,1,5,7
8,21,2,6,5,9,3,1,4,1,6,7
6,58,2,7,5,7,10,1,18,1,6,7
15,95,3,11,5,7,11,4,20,2,10,7
4,74,1,7,5,9,10,3,18,2,10,7
6,23,3,9,5,1,8,1,13,1,7,7
6,31,3,7,5,7,5,1,8,2,4,7
6,51,4,12,5,10,9,2,22,1,6,7
5,64,5,10,5,1,9,1,14,1,11,7
8,64,3,6,5,5,4,1,4,1,6,7
2,15,1,4,5,1,3,1,1,1,6,7
6,29,2,12,5,9,3,1,28,1,7,7
6,41,3,12,5,10,9,1,1,1,10,7
5,68,2,9,5,8,9,1,1,2,6,7
7,70,3,9,5,8,8,2,8,1,7,7
7,37,2,9,5,9,9,4,6,2,6,7
5,45,2,7,5,8,3,1,24,1,7,7
12,68,2,6,5,8,5,3,11,1,7,7
15,96,2,9,5,1,2,1,1,1,9,7
7,97,3,9,5,11,5,1,1,2,7,8
6,17,2,10,5,8,7,2,18,2,6,7
4,52,1,8,5,8,10,1,1,2,6,7
6,70,4,11,5,7,3,1,1,2,7,7
7,74,2,10,5,10,10,2,8,1,9,7
7,74,3,9,5,7,8,1,4,3,6,7
8,86,3,6,5,1,9,1,18,2,6,7
8,86,3,6,5,1,9,1,18,2,6,7
12,94,3,5,5,1,8,2,13,2,7,7
14,96,4,8,5,1,12,4,25,3,7,7
6,1,2,10,5,1,3,1,19,1,6,2
6,1,2,10,5,1,3,1,19,1,6,2
7,70,1,7,5,8,3,1,9,1,6,7
7,74,5,8,5,7,6,5,4,3,7,7
3,6,3,9,5,1,3,1,6,1,6,7
6,41,3,10,5,1,2,1,19,1,7,7
7,69,2,9,5,9,10,2,19,2,7,7
8,74,4,7,5,1,8,1,18,2,7,7
7,75,4,8,5,8,8,1,4,1,6,8
5,76,2,6,5,7,9,4,19,1,6,7
6,90,3,9,5,1,9,1,27,1,8,7
4,7,1,6,5,1,3,1,1,1,6,7
4,51,2,8,5,6,8,3,1,1,7,7
8,81,1,8,5,9,10,1,23,1,7,8
12,96,4,3,5,8,3,1,1,3,6,7
13,97,2,8,5,1,3,1,10,1,6,7
5,23,2,10,5,7,8,3,16,1,6,7
8,92,3,9,5,7,6,1,25,2,10,7
6,33,2,4,5,7,3,1,4,1,6,7
16,33,4,13,5,9,8,2,1,3,7,2
4,16,3,11,5,9,9,2,18,1,8,7
5,25,2,10,5,9,2,2,13,1,6,7
6,70,3,9,5,9,8,2,19,2,8,7
7,70,4,10,5,7,3,1,1,1,9,7
14,91,4,11,5,1,3,1,20,3,7,7
8,95,3,7,5,7,8,1,19,2,7,7
7,82,4,6,5,1,5,2,1,2,6,7
8,84,4,7,5,9,8,2,20,1,6,7
15,95,4,8,5,1,11,4,1,3,9,7
7,95,3,7,5,1,3,1,1,3,8,7
13,96,5,9,5,8,9,1,11,3,6,7
15,97,3,9,5,1,3,6,10,3,10,7
5,19,2,6,5,7,3,1,1,1,6,7
8,29,4,8,5,7,6,1,8,1,6,7
8,35,4,10,5,1,3,1,20,1,8,7
7,37,2,8,5,8,3,1,13,1,6,7
8,57,2,9,5,1,8,1,25,3,9,7
8,68,1,7,5,8,3,3,1,1,8,7
3,1,4,8,5,1,3,1,4,1,6,7
11,51,1,6,5,7,5,1,6,1,6,7
6,74,5,8,5,9,8,2,12,1,7,7
11,97,3,6,5,10,3,1,20,2,7,8
7,6,3,10,5,1,5,1,1,1,6,7
5,43,4,6,5,1,3,2,18,2,7,7
7,60,3,10,5,6,7,1,1,1,6,7
7,60,3,10,5,6,7,1,1,1,6,7
7,77,3,3,5,8,8,2,10,2,6,7
8,96,4,7,5,5,10,2,1,2,7,7
12,19,3,10,5,1,3,1,21,1,7,7
5,23,2,10,5,8,9,2,13,1,6,7
5,35,2,8,5,1,3,2,4,1,6,7
5,53,3,9,5,8,9,1,13,1,7,7
7,71,1,6,5,1,3,2,13,1,4,7
7,78,4,7,5,9,8,2,13,2,6,7
14,97,4,12,5,9,9,1,18,3,6,7
13,69,2,9,6,9,4,5,4,1,7,7
6,92,6,9,6,9,10,1,22,2,7,8
6,4,3,12,6,8,3,3,25,1,6,1
5,13,3,9,6,8,9,7,10,1,6,7
13,84,3,10,6,1,9,1,1,2,6,7
12,62,4,11,6,7,3,1,19,2,10,7
6,71,4,6,6,8,8,3,18,2,6,7
7,74,1,8,6,9,7,7,4,1,7,7
15,95,4,9,6,6,11,1,1,2,7,7
2,4,1,6,6,1,3,1,18,1,6,7
11,76,3,9,6,10,11,1,21,1,8,7
13,95,6,11,6,10,9,6,18,3,6,7
6,51,2,10,6,1,10,1,6,2,6,7
5,71,1,8,6,10,8,5,13,1,7,7
15,81,4,4,6,9,11,4,13,2,7,7
9,84,4,9,6,1,10,1,1,2,6,7
15,91,4,13,6,7,9,2,1,2,11,7
14,95,2,8,6,1,8,3,22,2,11,7
7,76,4,10,6,1,10,2,19,1,7,7
5,74,3,6,6,7,8,2,8,1,6,7
7,17,2,9,6,7,3,2,1,1,6,8
7,17,2,9,6,7,3,2,1,1,6,8
5,41,3,12,6,8,3,1,1,1,6,3
11,67,4,9,6,9,3,1,6,2,7,7
7,82,1,7,6,7,3,3,1,2,8,7
6,58,3,6,6,7,4,2,4,1,6,7
6,68,3,7,6,1,3,4,11,1,6,7
6,70,5,7,6,9,3,4,19,2,7,7
12,88,4,9,6,8,10,2,10,1,7,7
12,96,2,8,6,1,8,3,22,2,10,7
7,58,4,9,6,1,3,1,16,1,7,7
6,66,2,10,6,7,8,1,19,1,7,7
15,74,4,3,6,7,12,3,13,2,8,7
10,80,3,10,6,1,8,1,1,1,7,7
13,84,3,10,6,1,3,1,4,2,5,7
5,43,3,5,6,6,9,2,5,1,6,7
11,70,3,10,6,9,3,1,1,1,8,8
12,92,3,10,6,1,9,1,1,1,11,7
15,97,4,9,6,1,11,2,1,2,8,7
4,23,2,7,6,1,3,1,1,1,6,7
15,91,4,12,6,7,5,1,19,4,6,7
6,62,2,12,6,9,8,3,1,1,7,3
6,68,1,10,6,1,6,2,22,1,7,7
7,69,3,8,6,9,9,1,13,1,8,7
15,99,3,9,6,1,11,1,20,2,11,7
7,16,1,7,6,1,3,1,1,1,6,7
7,70,2,7,6,8,10,4,23,1,8,7
14,25,1,11,6,8,3,1,20,1,8,2
8,64,4,11,6,1,3,1,27,1,9,7
12,64,2,9,6,9,9,1,18,2,8,7
6,66,1,8,6,1,3,1,13,1,7,7
14,81,3,10,6,9,7,1,18,3,5,7
13,97,5,7,6,7,4,1,19,4,6,7
7,64,2,10,6,9,8,1,21,1,7,8
6,78,4,10,6,8,9,2,27,2,8,7
15,85,4,10,6,10,8,1,18,3,6,7
9,97,4,8,6,8,8,3,13,2,7,7
11,80,2,8,6,8,9,4,19,1,6,7
6,51,2,8,6,1,3,1,4,1,6,7
15,79,3,11,6,8,3,1,25,2,8,4
7,80,3,8,6,7,3,2,1,2,8,7
7,80,3,8,6,7,3,2,1,2,8,7
15,83,5,8,6,10,8,1,4,3,6,8
12,91,2,9,6,1,9,4,1,1,7,7
6,17,1,10,6,9,9,2,4,2,6,7
8,74,3,10,6,9,12,7,4,2,7,7
8,78,3,10,6,7,2,2,18,3,6,7
8,96,3,6,6,8,8,1,19,2,6,7
12,96,3,9,6,1,10,1,25,2,7,7
7,78,3,7,6,8,3,4,1,2,6,7
13,79,2,13,6,8,9,4,1,1,8,7
7,80,2,8,6,10,3,1,13,1,6,7
15,98,3,9,6,6,11,3,20,2,10,7
8,58,2,9,6,7,2,1,12,2,7,7
6,74,2,8,6,7,8,1,27,2,8,7
9,77,4,9,6,9,9,5,13,2,7,7
7,78,3,8,6,8,13,4,20,2,7,8
6,79,1,13,6,10,8,3,28,1,10,7
16,97,2,10,6,8,11,1,1,2,12,6
12,84,4,8,6,1,9,1,19,1,6,7
8,92,2,9,6,8,9,2,25,2,6,7
5,58,2,12,6,10,10,2,13,2,9,7
7,1,2,11,6,7,4,1,1,1,6,2
7,1,2,11,6,7,4,1,1,1,6,2
7,1,2,11,6,7,4,1,1,1,6,2
8,17,3,8,6,9,3,1,1,2,6,7
14,96,4,11,6,7,4,1,20,4,7,7
14,96,2,8,6,1,9,1,19,2,6,7
12,70,5,10,6,10,3,1,19,1,7,7
6,90,3,7,6,10,11,9,19,2,8,7
16,95,4,8,6,7,11,2,1,3,8,7
12,74,5,7,6,11,12,2,18,3,7,7
8,92,3,7,6,8,12,1,16,2,6,7
8,92,3,7,6,8,12,1,16,2,6,7
4,17,4,9,6,7,3,1,6,1,6,8
6,58,1,9,6,9,11,4,6,1,7,7
12,80,4,9,6,9,3,1,24,2,9,7
12,80,4,9,6,9,3,1,24,2,9,7
15,95,4,6,6,10,12,4,19,2,7,7
15,95,4,6,6,10,12,4,19,2,7,7
12,97,4,10,6,9,3,5,20,2,7,8
6,13,2,9,6,7,9,2,19,1,6,7
7,31,1,9,6,7,3,1,18,1,6,7
7,31,1,9,6,7,3,1,18,1,6,7
6,68,2,9,6,1,11,1,1,1,7,7
8,73,2,4,6,6,8,1,1,1,6,7
14,96,3,9,6,7,8,1,19,2,6,7
12,23,2,7,6,10,11,2,1,1,6,7
6,51,3,10,6,7,8,2,21,1,8,7
14,98,7,10,6,9,3,2,3,3,6,7
5,31,4,9,6,8,8,4,25,2,6,7
5,35,2,7,6,1,7,2,20,1,6,7
9,86,4,9,6,8,11,1,13,1,7,7
12,35,2,10,6,11,7,1,13,2,8,7
8,94,2,8,6,11,8,5,13,2,7,7
5,4,3,10,6,8,3,1,1,1,5,7
6,25,3,10,6,9,11,3,13,1,6,7
7,81,4,8,6,9,6,2,9,2,8,7
9,94,4,9,6,9,9,2,15,2,8,7
5,25,4,9,6,1,3,1,4,1,6,8
7,78,5,9,6,7,8,1,4,3,6,7
15,91,4,13,6,7,6,3,1,2,12,7
14,94,3,11,6,1,9,1,19,2,7,7
6,47,1,9,6,8,5,1,1,1,8,7
13,74,3,9,6,8,9,3,11,1,7,7
12,94,4,8,6,8,8,2,13,2,6,7
6,24,3,10,6,9,11,10,19,2,6,7
6,51,3,7,6,7,3,2,16,1,6,7
15,68,1,10,6,8,9,4,19,1,6,7
7,60,3,8,6,9,8,5,1,1,8,7
5,68,4,10,6,8,9,1,1,3,7,8
6,70,5,10,6,7,9,1,1,3,5,7
6,17,2,8,6,8,3,1,7,1,6,7
5,58,3,5,6,8,10,5,1,1,9,7
5,5,4,9,6,7,3,4,4,1,6,7
8,97,2,7,6,8,3,2,1,2,7,7
7,72,3,8,6,9,3,5,1,1,9,7
5,80,3,8,6,9,11,4,19,1,6,7
8,96,3,8,6,9,9,3,20,2,8,7
12,68,2,9,6,9,9,6,11,1,6,7
5,23,2,9,6,7,3,2,22,1,6,7
7,69,2,9,6,1,10,1,22,1,6,7
7,70,4,12,6,10,12,2,28,2,8,7
6,70,3,9,6,9,2,1,11,1,6,7
14,95,3,9,6,10,12,4,20,2,8,7
12,47,1,9,6,1,2,2,13,1,4,7
14,91,4,9,6,10,4,2,1,3,6,8
14,91,4,9,6,10,4,2,1,3,6,8
12,97,4,8,6,8,3,1,1,2,10,7
13,95,3,6,6,7,9,1,18,2,6,7
13,95,3,6,6,7,9,1,18,2,6,7
8,88,5,9,6,5,4,1,1,2,7,7
5,29,3,9,6,8,1,1,10,2,6,7
13,95,4,7,6,10,3,1,19,2,6,7
13,95,4,7,6,10,3,1,19,2,6,7
6,41,3,9,6,9,4,2,17,1,7,7
13,62,5,11,6,10,3,1,19,1,11,8
7,95,3,4,6,9,8,1,1,2,6,7
5,51,4,9,6,1,4,1,10,1,7,7
6,62,3,8,6,9,9,1,8,1,6,7
13,69,3,5,6,8,11,2,18,2,7,7
13,69,3,5,6,8,11,2,18,2,7,7
13,96,5,8,6,1,11,1,13,2,7,7
6,24,3,10,6,1,9,1,1,3,6,7
13,47,1,8,6,8,3,4,11,1,6,7
7,70,4,8,6,8,4,1,16,1,6,7
12,95,4,6,6,9,10,6,16,2,7,7
12,90,3,12,6,9,11,1,27,1,10,7
8,64,1,11,6,7,4,1,27,1,7,7
12,94,3,9,6,1,8,2,18,2,8,7
12,96,3,9,6,1,5,1,18,2,8,7
7,23,3,10,6,9,10,3,19,1,6,7
2,58,2,9,6,9,9,3,18,1,7,7
8,82,2,6,6,8,4,1,19,2,7,7
5,58,3,10,6,1,9,2,1,1,6,7
8,39,2,10,6,7,11,1,1,1,8,7
10,92,5,9,6,1,12,2,1,1,9,7
8,96,4,6,6,1,8,1,19,1,7,7
6,64,2,8,6,8,3,2,4,1,6,7
7,74,2,9,6,1,8,1,10,1,8,7
7,74,2,9,6,1,8,1,10,1,8,7
10,82,2,8,6,9,10,4,21,1,7,7
13,94,4,7,6,10,8,1,7,2,7,8
4,17,2,10,6,7,3,1,19,1,7,7
6,64,3,7,6,9,9,2,13,1,6,7
6,64,3,7,6,9,9,2,13,1,6,7
15,95,4,10,6,7,11,5,1,2,9,7
13,1,1,8,6,1,2,1,3,1,4,7
6,70,3,8,6,10,10,3,19,2,6,7
6,84,4,7,6,9,3,7,13,2,8,7
8,11,3,6,6,9,4,1,8,1,5,7
13,70,2,3,6,11,4,1,19,1,8,8
7,84,3,9,6,9,8,3,1,2,7,8
7,90,5,9,6,10,5,2,1,3,7,7
12,95,5,9,6,8,11,1,20,3,6,7
12,96,3,10,6,8,8,3,28,2,11,7
6,11,3,8,6,9,11,2,28,1,6,7
5,37,2,11,6,11,8,3,13,2,6,7
5,7,1,9,6,8,10,3,10,1,6,7
6,57,2,6,6,7,5,1,16,1,6,7
13,67,1,12,6,9,9,1,27,1,7,7
12,94,4,7,6,10,7,1,18,1,6,7
15,97,3,7,6,1,3,1,1,2,10,7
13,97,3,6,7,7,3,1,20,2,11,7
6,31,1,10,7,9,8,2,19,2,8,7
7,95,3,3,7,9,3,4,13,2,6,8
7,95,3,3,7,9,3,4,13,2,6,8
6,69,5,9,7,8,4,1,25,3,5,7
13,67,2,9,7,9,3,6,13,1,8,7
6,73,5,9,7,10,9,1,20,1,7,8
8,82,2,7,7,9,10,7,1,2,7,7
6,85,3,11,7,8,8,1,1,1,6,7
13,58,1,11,7,10,9,3,13,2,10,7
8,70,2,11,7,7,4,2,19,1,10,7
13,71,3,9,7,9,9,3,11,1,6,7
4,33,4,8,7,7,8,1,20,1,6,7
5,72,3,8,7,8,3,3,19,1,6,7
15,97,5,9,7,9,8,1,4,4,6,7
5,13,2,10,7,8,10,1,19,1,7,7
6,80,5,10,7,7,10,1,28,1,11,7
13,97,5,10,7,9,4,2,8,3,6,7
8,98,4,7,7,9,10,1,19,2,8,7
9,69,3,10,7,9,8,7,1,1,10,7
14,98,3,6,7,10,4,3,1,2,11,7
8,88,5,6,7,8,7,2,20,3,6,7
13,95,5,10,7,9,9,3,1,2,8,7
14,86,1,8,7,10,8,1,19,1,6,7
9,91,3,8,7,11,12,4,13,1,6,7
12,84,3,9,7,11,8,6,18,2,7,7
14,97,7,11,7,9,3,1,4,3,6,7
7,97,3,6,7,9,11,2,1,2,8,8
14,25,3,11,7,8,3,1,25,3,8,2
13,24,3,10,7,7,10,1,20,2,6,7
13,24,3,10,7,7,10,1,20,2,6,7
8,78,4,9,7,9,8,3,15,2,8,7
8,78,4,9,7,9,8,3,15,2,8,7
5,41,4,10,7,7,7,1,1,1,8,7
8,81,2,9,7,9,11,2,25,2,10,7
15,97,2,8,7,9,13,2,19,2,9,8
6,19,2,11,7,7,3,1,1,1,6,7
6,32,3,8,7,9,10,2,4,1,6,7
8,58,2,10,7,8,10,1,20,1,6,7
8,75,3,9,7,9,12,7,13,1,7,8
6,68,3,8,7,7,10,1,27,1,9,7
15,98,3,7,7,1,11,1,1,2,10,7
15,98,3,7,7,1,11,1,1,2,10,7
6,78,4,10,7,9,8,1,22,2,7,7
6,81,3,7,7,11,7,1,19,1,6,7
15,96,3,9,7,6,3,1,1,2,10,7
13,97,3,9,7,10,11,6,1,2,10,8
7,64,2,8,7,7,5,1,1,2,6,7
6,58,1,11,7,7,2,1,1,1,11,7
9,72,4,9,7,8,3,4,4,3,6,7
5,51,5,8,7,8,3,1,1,1,10,7
14,95,3,8,7,1,8,1,25,2,7,7
14,97,5,9,7,11,8,3,13,3,6,7
15,95,3,8,7,10,13,2,19,2,7,7
5,11,2,11,7,10,2,2,1,1,6,7
8,68,5,10,7,9,9,3,13,2,7,7
3,64,1,9,7,7,3,1,1,1,7,7
9,81,3,10,7,10,9,5,19,1,8,7
15,96,6,10,7,10,3,1,8,3,6,7
7,58,4,9,7,9,8,2,18,1,7,7
15,97,4,12,7,9,3,2,1,3,6,7
12,1,1,7,7,7,2,1,13,1,5,7
9,58,3,11,7,9,9,3,20,1,7,7
7,11,2,9,7,10,3,1,18,1,6,7
8,41,5,9,7,9,8,1,3,2,6,8
8,91,2,5,7,10,8,3,17,1,6,7
8,75,3,9,7,9,8,3,6,2,6,7
8,35,3,9,7,9,3,1,13,2,6,7
5,41,2,7,7,8,8,2,14,1,6,7
6,47,1,9,7,9,3,2,24,2,6,7
7,78,4,8,7,9,10,4,14,1,7,7
14,90,5,10,7,8,9,4,1,2,8,7
13,97,4,7,7,10,13,1,18,2,8,7
6,41,3,9,7,10,10,4,19,1,9,7
6,64,3,9,7,9,2,1,19,2,7,7
11,66,2,8,7,11,11,6,13,1,6,7
13,97,4,9,7,10,7,7,19,2,7,8
8,74,3,10,7,9,11,2,13,2,8,7
6,70,2,7,7,8,4,1,1,1,7,7
7,36,1,9,7,8,12,2,1,1,6,7
14,97,4,12,7,7,3,1,19,4,6,7
12,97,3,8,7,1,10,1,19,2,7,7
11,86,3,8,7,10,11,8,25,1,7,7
15,97,3,9,7,11,13,1,1,2,9,8
6,13,2,9,7,9,3,1,4,1,6,8
8,62,4,10,7,11,12,5,18,1,8,8
15,97,3,7,7,10,3,3,1,2,10,7
14,95,3,10,7,9,9,4,20,2,8,7
5,35,3,10,7,9,4,1,20,1,7,7
11,95,3,6,7,10,10,3,1,2,9,7
14,98,3,7,7,1,10,1,1,2,11,7
6,87,2,7,7,9,6,5,1,2,8,7
8,78,2,8,7,9,8,5,1,2,6,7
12,95,3,8,7,9,8,1,16,2,8,7
12,97,3,6,7,8,9,3,18,2,7,7
12,68,2,10,7,10,8,2,1,2,8,8
12,95,4,8,7,10,9,2,19,2,9,7
8,95,4,10,7,9,4,2,25,3,6,7
6,66,3,10,7,1,8,2,1,1,6,7
9,97,5,8,7,9,5,3,20,3,8,8
5,17,2,5,7,8,8,5,19,1,6,7
7,6,4,9,7,10,3,2,1,2,6,7
8,56,4,10,7,8,10,5,14,1,6,7
10,95,5,6,7,7,8,1,22,2,7,7
14,98,3,8,7,10,12,5,18,2,8,7
9,65,2,9,7,10,9,1,1,1,9,7
6,47,4,10,7,10,8,1,1,1,6,7
6,64,3,9,7,9,9,1,1,1,6,7
6,64,3,9,7,9,9,1,1,1,6,7
9,98,3,8,7,10,11,2,20,2,10,7
12,95,4,10,7,8,3,2,1,1,12,7
15,97,3,8,7,8,13,1,25,3,6,7
15,97,3,8,7,8,13,1,25,3,6,7
13,98,6,9,7,9,8,2,15,2,6,7
8,68,3,9,7,10,2,1,13,2,6,7
15,97,3,9,7,8,11,5,23,2,7,7
15,97,5,12,7,9,9,4,13,4,6,7
8,73,4,11,8,11,11,3,20,1,10,7
14,74,2,9,8,10,9,2,23,1,7,7
8,58,4,9,8,1,4,1,16,2,5,7
8,70,3,10,8,10,8,1,25,2,9,8
13,88,3,8,8,10,9,3,13,2,9,7
14,80,4,10,8,7,10,1,1,1,7,7
8,99,3,8,8,8,3,2,19,2,8,7
12,95,4,6,8,10,3,5,13,2,7,8
12,95,4,6,8,10,3,5,13,2,7,8
13,97,3,9,8,9,9,1,19,3,7,7
13,97,3,9,8,9,9,1,19,3,7,7
15,97,3,7,8,6,8,3,25,2,7,7
6,17,2,11,8,10,9,1,17,1,7,7
7,51,4,11,8,10,3,3,19,1,8,8
9,97,3,8,8,10,11,3,18,2,8,8
9,95,4,8,8,10,9,1,20,1,6,7
7,64,5,10,8,10,3,3,20,1,7,8
14,96,2,12,8,7,12,1,28,2,8,7
12,84,3,12,8,9,10,2,27,1,10,7
15,95,3,11,8,7,11,4,23,2,8,7
14,97,3,9,8,10,12,4,18,2,7,7
7,43,4,10,8,10,10,3,1,2,6,7
8,58,3,11,8,8,4,1,22,1,7,7
13,79,3,10,8,11,11,2,1,2,11,7
14,97,5,9,8,9,5,1,6,3,6,7
15,77,6,9,8,11,8,1,27,1,8,7
12,86,2,11,8,10,10,1,27,1,9,7
12,76,3,11,8,10,8,1,19,2,8,7
7,92,4,7,8,10,8,1,18,2,7,7
7,92,4,7,8,10,8,1,18,2,7,7
13,69,3,10,8,9,10,1,22,2,6,7
14,97,4,8,8,9,10,1,19,2,9,7
13,97,3,10,8,10,11,4,21,2,8,7
15,95,3,10,8,10,11,2,19,2,10,7
14,98,2,11,8,10,7,6,1,2,12,7
13,95,3,9,8,10,9,1,19,2,7,7
13,51,3,10,8,11,7,1,1,1,7,7
13,96,3,9,8,10,12,2,1,2,7,7
15,98,3,12,8,10,13,1,11,2,10,8
11,90,4,10,8,10,9,2,28,1,11,7
13,95,4,10,8,10,5,6,18,2,7,8
14,96,3,11,8,8,11,1,25,2,8,7
14,97,4,10,8,9,8,1,16,2,8,7
7,66,3,10,8,10,8,4,1,2,6,7
8,75,3,12,8,10,9,2,13,1,8,7
14,98,3,8,8,10,13,5,1,3,8,7
14,98,3,8,8,10,13,5,1,3,8,7
8,92,3,7,8,10,13,7,25,2,7,7
13,91,4,10,8,10,8,1,10,2,6,7
5,7,2,9,8,9,3,1,19,1,6,7
6,27,3,11,8,10,8,2,8,1,7,7
5,12,2,12,8,11,10,1,13,1,6,7
5,33,2,10,8,8,4,2,22,1,6,7
7,58,4,11,8,11,8,1,1,1,6,7
15,97,6,12,8,11,3,2,1,3,6,8
13,70,2,9,8,10,13,6,20,1,9,7
13,80,4,10,8,10,9,1,25,2,10,7
12,52,3,10,8,11,13,1,20,1,7,7
12,74,3,9,8,9,3,1,25,2,7,7
9,95,4,9,8,10,9,1,19,2,7,7
14,97,5,11,8,10,13,7,1,2,10,7
7,45,1,8,8,10,3,1,16,1,6,7
5,66,1,9,8,9,2,10,1,1,10,7
6,15,1,11,8,11,3,1,1,1,11,7
8,51,2,9,8,8,7,1,20,1,7,7
12,95,3,11,8,11,3,1,1,3,8,7
10,70,2,10,8,10,7,1,28,2,7,7
13,95,4,11,8,12,12,1,1,1,10,8
9,70,3,10,8,9,3,1,1,1,11,7
13,79,4,11,8,11,4,1,28,1,10,7
14,93,3,11,8,12,8,2,1,2,10,8
6,55,3,11,8,11,9,2,1,1,8,7
11,97,3,9,8,10,9,1,1,2,8,7
14,97,3,10,8,10,10,2,11,2,8,7
15,77,5,11,8,11,9,1,10,1,6,8
5,66,2,8,8,9,8,1,1,2,9,7
11,97,3,11,8,10,8,2,18,2,7,7
7,47,3,10,8,11,9,7,1,1,7,7
8,64,5,10,8,10,11,1,1,1,7,7
14,97,3,10,8,11,9,1,25,2,8,7
7,71,5,11,8,11,11,2,27,1,12,8
7,51,3,11,8,10,4,1,1,1,8,7
15,98,3,9,9,10,10,1,19,2,10,7
12,92,4,12,9,11,11,4,27,1,13,7
15,97,3,9,9,11,10,4,22,2,12,7
7,64,4,9,9,10,10,1,18,1,6,7
16,98,3,10,9,11,13,5,1,2,9,8
15,97,4,13,9,12,13,1,28,2,10,7
16,96,4,9,9,11,7,1,19,2,7,8
16,97,4,13,9,9,12,1,28,2,10,7
15,97,3,11,9,11,10,4,20,2,7,7
14,97,5,9,9,11,10,1,19,2,7,7
13,71,4,10,9,11,3,2,1,1,8,7
5,6,2,9,9,9,3,1,15,2,6,7
12,37,2,11,9,11,11,2,1,1,6,7
15,85,4,9,9,11,11,1,19,2,9,7
15,98,3,9,9,12,9,1,1,2,12,8
6,41,2,10,9,10,10,1,1,1,6,7
8,97,4,10,9,9,10,1,27,3,8,7
16,98,3,11,9,11,13,4,1,2,11,7
16,98,3,11,9,11,13,4,1,2,11,7
13,97,3,12,9,12,10,2,28,2,11,7
16,98,4,11,9,9,4,1,1,2,11,7
15,98,4,9,9,11,9,1,1,2,10,7
13,92,2,12,9,12,11,2,27,1,11,7
12,95,3,9,9,11,9,1,1,1,7,7
16,98,2,12,9,12,14,1,28,2,11,7
